filename,width,height,class,xmin,ymin,xmax,ymax
s_12625.jpg,640,640,YPG,234,369,267,403
s_18749.jpg,640,640,YPJ,80,185,134,227
s_15443.jpg,640,640,YPG,113,271,178,332
s_15443.jpg,640,640,APO,489,247,530,315
s_15443.jpg,640,640,KCK,509,292,558,378
s_14213.jpg,640,640,AK47,6,308,328,466
s_19643.jpg,640,640,PKK,111,454,192,533
s_8475.jpg,640,640,SILAH,17,99,600,527
s_10029.jpg,640,640,PKK,570,141,640,279
s_12478.jpg,640,640,YPG,172,368,227,435
s_10013.jpg,640,640,PKK,374,143,443,230
s_10013.jpg,640,640,APO,248,206,270,235
s_10010.jpg,640,640,YPJ,232,140,346,234
s_10010.jpg,640,640,YPJ,358,217,428,272
s_12493.jpg,640,640,PKK,420,284,545,420
s_12493.jpg,640,640,APO,111,303,232,377
s_13009.jpg,640,640,PKK,332,248,370,295
s_13009.jpg,640,640,PKK,57,226,108,278
s_13009.jpg,640,640,APO,234,231,279,295
s_13009.jpg,640,640,APO,104,346,161,412
s_10376.jpg,640,640,YPJ,206,138,281,214
s_10656.jpg,640,640,PKK,371,141,424,231
s_14802.jpg,640,640,YPG,167,244,191,263
s_14802.jpg,640,640,YPG,218,242,238,265
s_14802.jpg,640,640,YPG,262,257,277,276
s_11492.jpg,640,640,PYD,53,252,183,384
s_13556.jpg,640,640,APO,63,189,86,242
s_1315.jpg,640,640,APO,585,142,612,186
s_12962.jpg,640,640,PJAK,490,275,517,306
s_10208.jpg,640,640,PJAK,263,134,352,201
s_10208.jpg,640,640,PKK,219,220,233,269
s_10352.jpg,640,640,PJAK,228,140,331,194
s_10176.jpg,640,640,PKK,374,142,444,243
s_11670.jpg,640,640,PKK,339,138,389,226
s_11670.jpg,640,640,APO,166,175,214,226
s_15791.jpg,640,640,ZI,472,204,541,308
s_16.jpg,640,640,ZI,532,378,630,561
s_16.jpg,640,640,MLKP,383,461,441,518
s_39.jpg,640,640,APO,341,109,424,198
s_39.jpg,640,640,PJAK,279,244,477,371
s_12443.jpg,640,640,PKK,134,149,173,358
s_12443.jpg,640,640,PKK,192,201,224,376
s_12443.jpg,640,640,PKK,171,282,193,356
s_12443.jpg,640,640,AK47,12,317,32,422
s_20165.jpg,640,640,YPJ,427,390,478,453
s_12886.jpg,640,640,AK47,393,97,521,405
s_18254.jpg,640,640,KCK,400,106,596,308
s_12337.jpg,640,640,PKK,389,232,422,290
s_11286.jpg,640,640,PKK,352,199,377,227
s_11286.jpg,640,640,PKK,389,154,421,214
s_14106.jpg,640,640,AK47,294,356,348,511
s_14106.jpg,640,640,AK47,487,326,579,529
s_14106.jpg,640,640,AK47,419,320,504,535
s_16763.jpg,640,640,ZI,311,254,352,323
s_12811.jpg,640,640,SILAH,232,249,461,421
s_10943.jpg,640,640,APO,211,245,368,342
s_12536.jpg,640,640,PKK,174,421,436,514
s_11390.jpg,640,640,YPG,532,206,591,254
s_18653.jpg,640,640,YPJ,71,196,126,240
s_10375.jpg,640,640,PJAK,214,139,320,187
s_10238.jpg,640,640,PKK,74,140,138,346
ekyap_14.jpg,640,640,IBKY,526,290,602,360
s_13088.jpg,640,640,YPG,487,204,515,238
s_17392.jpg,640,640,HDP,358,429,404,472
s_15484.jpg,640,640,YPJ,433,305,534,452
s_8221.jpg,640,640,PKK,189,399,323,488
s_10681.jpg,640,640,APO,206,190,233,226
s_10833.jpg,640,640,PYD,72,232,131,301
s_10833.jpg,640,640,PYD,2,160,51,241
s_12455.jpg,640,640,YPG,118,370,183,440
s_10803.jpg,640,640,APO,276,208,291,236
s_10620.jpg,640,640,APO,211,192,243,227
s_36.jpg,640,640,MLKP,226,220,307,320
s_10686.jpg,640,640,PYD,6,214,72,286
s_12484.jpg,640,640,APO,215,318,264,384
s_12484.jpg,640,640,KCK,176,364,226,415
s_10124.jpg,640,640,PKK,76,143,169,348
s_10821.jpg,640,640,PYD,1,158,60,254
102.jpg_resized.jpg,640,640,APO,177,116,495,573
s_12399.jpg,640,640,YPG,60,366,152,434
s_11752.jpg,640,640,KCK,193,147,236,186
s_10312.jpg,640,640,PKK,349,138,405,233
s_10312.jpg,640,640,APO,213,194,241,236
s_15281.jpg,640,640,HDP,549,314,612,356
s_13951.jpg,640,640,IBKY,340,282,382,339
s_13984.jpg,640,640,SILAH,385,254,538,420
s_15812.jpg,640,640,ZI,419,182,481,282
90.jpg_resized.jpg,640,640,APO,223,122,431,425
s_1213.jpg,640,640,APO,292,192,336,250
s_13774.jpg,640,640,PKK,342,173,397,228
s_15277.jpg,640,640,YPG,167,157,518,480
s_11166.jpg,640,640,PKK,359,254,428,340
s_1001.jpg,640,640,YPJ,239,139,466,225
s_26.jpg,640,640,PJAK,179,166,238,238
s_26.jpg,640,640,PJAK,236,157,268,209
s_10167.jpg,640,640,SILAH,119,152,378,503
s_3568.jpg,640,640,PKK,236,175,308,257
s_13989.jpg,640,640,IBKY,366,297,391,325
s_11391.jpg,640,640,YPG,530,206,592,256
s_18271.jpg,640,640,APO,528,246,603,329
s_12732.jpg,640,640,PKK,377,151,434,207
s_12000.jpg,640,640,KCK,329,173,384,241
s_12444.jpg,640,640,YPG,119,394,155,429
s_19616.jpg,640,640,IBKY,185,356,481,499
s_10128.jpg,640,640,YPJ,196,135,353,227
s_10128.jpg,640,640,YPG,337,142,472,244
s_13950.jpg,640,640,IBKY,338,283,385,337
s_10557.jpg,640,640,PKK,368,180,398,229
s_6749.jpg,640,640,ZI,4,258,92,459
s_6749.jpg,640,640,ZI,89,121,154,188
s_6749.jpg,640,640,ZI,377,174,436,235
s_6749.jpg,640,640,ZI,543,301,632,424
s_6749.jpg,640,640,ZI,302,308,390,428
s_6749.jpg,640,640,ZI,446,244,541,376
s_18714.jpg,640,640,HDP,184,242,246,299
s_18714.jpg,640,640,HDP,221,384,247,428
s_18714.jpg,640,640,HDP,324,375,359,436
s_13135.jpg,640,640,ZI,492,169,518,190
s_13135.jpg,640,640,ZI,37,148,81,205
s_18681.jpg,640,640,HDP,92,232,220,342
79.jpg_resized.jpg,640,640,APO,261,104,476,446
s_14170.jpg,640,640,HDP,376,205,500,381
s_14170.jpg,640,640,HDP,204,317,285,420
s_10472.jpg,640,640,PKK,66,142,370,354
s_13740.jpg,640,640,PYD,341,165,376,221
s_12969.jpg,640,640,ZI,12,181,61,227
s_12969.jpg,640,640,ZI,490,165,519,192
s_10171.jpg,640,640,MLKP,352,238,371,269
s_10497.jpg,640,640,PJAK,154,139,264,182
s_15497.jpg,640,640,YPJ,373,127,436,218
s_15476.jpg,640,640,KCK,425,173,490,243
s_15476.jpg,640,640,YPJ,215,150,272,205
s_15308.jpg,640,640,YPG,456,391,514,483
s_18726.jpg,640,640,HDP,201,435,228,477
s_18726.jpg,640,640,HDP,307,429,336,492
s_10336.jpg,640,640,APO,210,193,242,236
s_10336.jpg,640,640,PKK,354,141,411,241
s_10709.jpg,640,640,KCK,372,187,411,298
s_10709.jpg,640,640,PKK,179,265,189,291
s_10709.jpg,640,640,YPG,304,158,350,239
s_10709.jpg,640,640,YPG,271,234,304,282
s_10709.jpg,640,640,YPG,236,239,262,268
s_10709.jpg,640,640,PKK,575,176,621,243
s_10709.jpg,640,640,APO,416,205,456,250
s_14045.jpg,640,640,AK47,200,315,602,433
s_22391.jpg,640,640,MLKP,340,257,443,389
s_22391.jpg,640,640,MLKP,166,201,190,219
s_22391.jpg,640,640,AK47,138,322,377,486
s_12810.jpg,640,640,AK47,126,198,621,456
s_11708.jpg,640,640,YPJ,30,186,89,256
s_11708.jpg,640,640,PKK,546,180,593,299
s_12424.jpg,640,640,YPG,68,367,155,433
s_10995.jpg,640,640,PKK,362,229,449,333
s_10285.jpg,640,640,IBKY,537,241,601,341
s_10285.jpg,640,640,YPJ,288,136,350,271
s_14837.jpg,640,640,HDP,316,243,335,276
s_3374.jpg,640,640,HDP,278,334,381,455
s_14745.jpg,640,640,SILAH,215,428,343,528
s_14745.jpg,640,640,SILAH,424,294,534,380
s_14745.jpg,640,640,SILAH,308,303,407,371
s_14745.jpg,640,640,SILAH,138,303,245,366
s_14745.jpg,640,640,SILAH,79,193,164,233
s_14745.jpg,640,640,SILAH,218,190,291,243
s_13749.jpg,640,640,PYD,336,246,370,295
s_14957.jpg,640,640,YPJ,54,263,100,333
s_12428.jpg,640,640,PKK,131,144,488,503
s_14041.jpg,640,640,IBKY,388,297,408,324
s_12722.jpg,640,640,PKK,450,276,528,378
s_18648.jpg,640,640,HDP,436,154,640,407
s_5494.jpg,640,640,PKK,395,272,468,350
s_5494.jpg,640,640,KCK,150,286,208,348
s_5494.jpg,640,640,APO,148,244,204,287
ekyap_6.jpg,640,640,ZI,464,257,606,405
ekyap_6.jpg,640,640,ZI,6,192,149,375
s_11153.jpg,640,640,APO,175,254,197,279
s_11153.jpg,640,640,PKK,564,218,589,258
s_13957.jpg,640,640,IBKY,343,284,374,337
s_20787.jpg,640,640,AK47,368,348,445,501
s_20787.jpg,640,640,AK47,125,310,166,396
s_20787.jpg,640,640,AK47,212,322,255,444
s_12821.jpg,640,640,SILAH,12,246,145,337
s_12821.jpg,640,640,SILAH,143,239,280,335
s_12821.jpg,640,640,SILAH,341,231,475,335
s_12821.jpg,640,640,SILAH,511,225,619,320
s_10127.jpg,640,640,YPG,334,143,474,246
s_10127.jpg,640,640,YPJ,191,139,338,217
s_14.jpg,640,640,MLKP,108,144,277,326
s_18284.jpg,640,640,PKK,331,243,369,286
s_18284.jpg,640,640,KCK,223,273,267,310
s_15288.jpg,640,640,YPG,157,214,251,323
s_15461.jpg,640,640,YPJ,367,399,476,482
s_21440.jpg,640,640,AK47,491,177,620,259
s_21440.jpg,640,640,AK47,358,222,453,280
s_21440.jpg,640,640,AK47,302,239,378,275
s_13240.jpg,640,640,APO,140,188,170,234
s_11150.jpg,640,640,KCK,456,192,534,285
s_15306.jpg,640,640,YPG,417,299,473,322
s_14454.jpg,640,640,ZI,38,143,85,188
s_14454.jpg,640,640,ZI,508,165,532,195
s_15332.jpg,640,640,YPG,150,410,205,431
s_12563.jpg,640,640,PKK,344,297,379,329
s_10075.jpg,640,640,PKK,564,140,640,291
s_10030.jpg,640,640,PKK,408,339,454,412
s_10151.jpg,640,640,YPJ,189,139,340,240
s_10151.jpg,640,640,YPG,335,145,524,248
s_17362.jpg,640,640,APO,131,213,154,237
s_15345.jpg,640,640,YPG,349,108,441,204
s_15345.jpg,640,640,YPJ,538,115,613,203
s_10831.jpg,640,640,PYD,2,156,63,231
s_10831.jpg,640,640,PYD,72,224,126,295
s_12813.jpg,640,640,SILAH,27,266,194,493
s_12813.jpg,640,640,SILAH,194,270,358,497
s_12813.jpg,640,640,SILAH,352,270,538,485
s_15445.jpg,640,640,YPJ,72,155,253,388
s_10227.jpg,640,640,PKK,443,167,568,310
s_13936.jpg,640,640,IBKY,338,286,392,339
s_15397.jpg,640,640,YPG,257,208,328,286
s_12120.jpg,640,640,PKK,65,177,158,286
s_15261.jpg,640,640,YPG,38,170,224,346
s_9397.jpg,640,640,SILAH,101,193,263,333
s_9397.jpg,640,640,SILAH,274,189,421,319
s_9397.jpg,640,640,SILAH,410,186,596,306
s_6613.jpg,640,640,AK47,308,210,392,501
s_15752.jpg,640,640,ZI,324,223,384,295
s_10826.jpg,640,640,PYD,2,156,72,247
s_10826.jpg,640,640,PYD,71,231,109,290
s_10826.jpg,640,640,YPG,594,270,640,311
s_15421.jpg,640,640,YPG,266,242,292,271
s_15475.jpg,640,640,YPJ,324,282,414,380
s_15325.jpg,640,640,YPG,77,129,120,170
s_15325.jpg,640,640,YPJ,287,126,341,178
s_15309.jpg,640,640,YPG,293,273,345,337
s_10753.jpg,640,640,KCK,465,210,515,239
s_10753.jpg,640,640,YPJ,470,264,532,342
s_10753.jpg,640,640,PYD,51,242,91,284
s_10753.jpg,640,640,PYD,1,161,44,239
s_24.jpg,640,640,MLKP,456,173,516,233
ekyap_21.jpg,640,640,IBKY,92,210,297,484
s_21389.jpg,640,640,AK47,319,285,453,492
s_11402.jpg,640,640,YPG,533,193,605,242
s_11877.jpg,640,640,PKK,352,298,391,371
s_10220.jpg,640,640,PKK,25,134,354,421
s_10220.jpg,640,640,PKK,391,151,503,329
s_15368.jpg,640,640,YPG,145,217,196,295
s_15368.jpg,640,640,IBKY,391,299,497,398
s_16392.jpg,640,640,HDP,72,396,143,467
s_21349.jpg,640,640,AK47,155,334,238,494
s_11893.jpg,640,640,PKK,347,181,471,318
s_12460.jpg,640,640,YPG,137,369,204,437
s_5856.jpg,640,640,APO,236,328,304,394
s_5856.jpg,640,640,YPG,54,262,162,353
s_5856.jpg,640,640,PKK,342,342,407,426
s_21469.jpg,640,640,AK47,463,314,477,350
s_21469.jpg,640,640,AK47,355,317,370,356
s_21469.jpg,640,640,AK47,249,323,266,355
s_15290.jpg,640,640,YPG,337,222,494,350
s_15290.jpg,640,640,YPG,461,416,558,459
s_15290.jpg,640,640,IBKY,84,61,416,199
s_15290.jpg,640,640,IBKY,96,399,182,470
s_17282.jpg,640,640,PKK,209,176,318,319
s_14256.jpg,640,640,SILAH,298,210,392,297
s_15268.jpg,640,640,YPG,427,210,557,396
s_15268.jpg,640,640,AK47,221,211,283,370
s_15268.jpg,640,640,AK47,281,203,323,374
s_15268.jpg,640,640,APO,343,202,411,370
s_18742.jpg,640,640,YPJ,460,231,492,281
s_12783.jpg,640,640,SILAH,86,99,513,405
s_14013.jpg,640,640,AK47,265,363,600,561
s_10002.jpg,640,640,YPG,334,141,479,243
s_18770.jpg,640,640,HDP,78,344,92,357
s_18770.jpg,640,640,HDP,99,342,119,358
s_18770.jpg,640,640,HDP,131,337,145,354
s_18770.jpg,640,640,HDP,181,338,194,353
s_18770.jpg,640,640,HDP,377,341,394,358
s_18770.jpg,640,640,HDP,404,341,426,359
s_18770.jpg,640,640,HDP,432,346,456,363
s_18770.jpg,640,640,HDP,469,350,489,365
s_18770.jpg,640,640,HDP,549,363,574,384
s_18770.jpg,640,640,HDP,585,376,610,399
s_18770.jpg,640,640,HDP,253,341,268,354
s_12801.jpg,640,640,ZI,496,163,519,188
s_12432.jpg,640,640,ZI,323,213,360,280
s_12432.jpg,640,640,PKK,301,412,447,533
s_12432.jpg,640,640,APO,140,424,175,475
s_12432.jpg,640,640,APO,197,156,226,195
s_15375.jpg,640,640,YPG,357,298,402,340
s_15375.jpg,640,640,ZI,413,225,479,366
s_12823.jpg,640,640,SILAH,191,286,296,330
s_18652.jpg,640,640,YPJ,73,192,124,241
s_18.jpg,640,640,MLKP,342,393,377,441
s_18.jpg,640,640,MLKP,355,157,405,215
s_13962.jpg,640,640,IBKY,344,284,374,334
s_14849.jpg,640,640,ZI,536,261,602,364
s_11441.jpg,640,640,YPG,508,339,579,410
s_9996.jpg,640,640,AK47,224,301,526,457
s_18253.jpg,640,640,KCK,589,244,637,296
s_14500.jpg,640,640,SILAH,55,267,296,482
s_18592.jpg,640,640,HDP,324,304,377,350
s_21533.jpg,640,640,AK47,245,327,268,354
s_21533.jpg,640,640,AK47,519,327,543,359
s_15324.jpg,640,640,YPG,221,364,263,428
s_15444.jpg,640,640,YPG,40,422,170,527
s_10204.jpg,640,640,PKK,21,135,333,416
s_10204.jpg,640,640,PKK,385,153,502,346
s_13214.jpg,640,640,AK47,41,152,87,441
s_13214.jpg,640,640,AK47,248,229,294,447
s_13214.jpg,640,640,AK47,436,192,515,454
s_18281.jpg,640,640,HDP,536,228,604,294
s_12548.jpg,640,640,PKK,238,139,285,172
s_11651.jpg,640,640,KCK,129,141,175,184
s_11539.jpg,640,640,APO,6,163,115,456
s_18703.jpg,640,640,HDP,353,369,390,424
s_18703.jpg,640,640,HDP,168,178,232,225
s_18703.jpg,640,640,HDP,236,352,258,392
s_18703.jpg,640,640,HDP,242,243,274,278
s_11251.jpg,640,640,KCK,528,180,587,242
s_14614.jpg,640,640,HDP,398,215,432,252
s_14614.jpg,640,640,HDP,477,242,515,288
s_14614.jpg,640,640,HDP,102,247,145,290
s_14614.jpg,640,640,HDP,337,392,383,447
s_14614.jpg,640,640,HDP,574,284,612,337
s_14614.jpg,640,640,HDP,550,431,602,478
s_15431.jpg,640,640,APO,268,239,338,321
s_15431.jpg,640,640,YPG,13,380,108,478
s_15355.jpg,640,640,YPG,475,227,555,310
s_15355.jpg,640,640,AK47,11,1,204,290
s_14038.jpg,640,640,IBKY,387,299,409,325
s_1388.jpg,640,640,PKK,335,214,362,255
s_18737.jpg,640,640,HDP,34,132,213,309
s_18737.jpg,640,640,HDP,394,102,592,287
s_2.jpg,640,640,MLKP,135,16,241,178
s_15800.jpg,640,640,ZI,511,214,564,315
s_2154.jpg,640,640,YPJ,489,180,580,293
s_2154.jpg,640,640,PKK,194,273,222,319
s_15433.jpg,640,640,YPG,350,299,385,331
s_15433.jpg,640,640,YPG,477,298,518,344
s_15433.jpg,640,640,YPG,47,355,79,387
s_15433.jpg,640,640,YPG,156,319,172,334
s_15433.jpg,640,640,APO,280,178,324,230
ekyap_40.jpg,640,640,YPG,295,189,360,249
ekyap_40.jpg,640,640,YPJ,65,252,111,297
s_10057.jpg,640,640,YPG,227,139,362,295
s_10057.jpg,640,640,YPJ,337,195,437,288
s_10104.jpg,640,640,YPG,228,140,348,235
s_10104.jpg,640,640,YPJ,146,139,231,286
s_10104.jpg,640,640,YPJ,341,197,430,279
s_9685.jpg,640,640,AK47,58,71,255,591
s_9685.jpg,640,640,AK47,255,80,445,582
s_9685.jpg,640,640,AK47,438,63,637,563
ekyap_4.jpg,640,640,AK47,584,179,632,309
ekyap_4.jpg,640,640,AK47,145,221,199,329
ekyap_4.jpg,640,640,AK47,394,195,447,279
ekyap_4.jpg,640,640,AK47,249,205,319,292
s_13256.jpg,640,640,PKK,361,148,431,251
s_13262.jpg,640,640,APO,134,200,165,242
s_10804.jpg,640,640,PKK,404,154,449,211
s_11947.jpg,640,640,YPG,101,237,134,290
s_11947.jpg,640,640,YPJ,367,178,432,284
s_15488.jpg,640,640,KCK,428,199,480,260
s_15488.jpg,640,640,KCK,164,179,180,250
s_15488.jpg,640,640,YPG,35,137,69,188
s_15488.jpg,640,640,PKK,260,238,275,280
s_18285.jpg,640,640,PKK,32,267,76,314
s_18285.jpg,640,640,KCK,305,152,366,213
s_18285.jpg,640,640,APO,266,258,299,301
s_12816.jpg,640,640,SILAH,69,165,287,376
s_12816.jpg,640,640,SILAH,347,184,605,357
s_15357.jpg,640,640,YPG,138,256,158,279
s_15357.jpg,640,640,YPG,507,261,524,284
s_13100.jpg,640,640,YPG,485,204,515,238
s_16836.jpg,640,640,HDP,287,244,338,288
s_16836.jpg,640,640,HDP,119,233,175,289
s_16836.jpg,640,640,HDP,208,161,255,209
s_16836.jpg,640,640,HDP,367,160,416,211
s_16836.jpg,640,640,HDP,530,163,580,211
s_10077.jpg,640,640,YPG,338,141,455,270
ekyap_47.jpg,640,640,YPG,162,57,224,122
s_18692.jpg,640,640,HDP,351,369,386,420
s_18692.jpg,640,640,HDP,244,307,261,337
s_18692.jpg,640,640,HDP,513,373,549,420
s_10298.jpg,640,640,YPG,329,156,457,255
s_11744.jpg,640,640,PKK,358,163,399,218
s_11744.jpg,640,640,APO,162,170,195,221
s_11413.jpg,640,640,YPG,541,195,617,243
s_10052.jpg,640,640,YPG,340,138,452,242
s_13653.jpg,640,640,AK47,5,186,113,454
s_13653.jpg,640,640,AK47,114,192,213,471
s_13653.jpg,640,640,AK47,212,188,311,471
s_13653.jpg,640,640,AK47,305,186,419,460
s_13092.jpg,640,640,YPG,479,196,515,239
s_13555.jpg,640,640,APO,61,191,84,248
s_17104.jpg,640,640,PKK,227,167,348,307
s_14318.jpg,640,640,SILAH,41,152,177,353
s_14318.jpg,640,640,SILAH,188,158,317,365
s_14318.jpg,640,640,SILAH,319,150,458,358
s_14318.jpg,640,640,SILAH,458,139,604,356
s_14318.jpg,640,640,SILAH,440,357,583,548
s_14318.jpg,640,640,SILAH,281,363,424,555
s_14318.jpg,640,640,SILAH,138,365,281,555
s_14318.jpg,640,640,SILAH,2,358,126,549
s_10221.jpg,640,640,PKK,80,180,136,302
s_15754.jpg,640,640,ZI,329,189,398,274
s_5765.jpg,640,640,YPG,119,241,155,263
s_5765.jpg,640,640,AK47,391,201,437,414
s_5765.jpg,640,640,AK47,563,211,610,376
s_5765.jpg,640,640,AK47,268,192,298,303
s_5765.jpg,640,640,AK47,4,197,79,497
s_12870.jpg,640,640,APO,484,249,502,275
s_15273.jpg,640,640,YPG,366,235,535,414
s_11214.jpg,640,640,PKK,438,199,530,259
s_17851.jpg,640,640,PKK,335,204,362,235
s_17851.jpg,640,640,APO,74,316,131,406
s_15753.jpg,640,640,ZI,325,205,391,284
s_15295.jpg,640,640,YPG,332,271,359,300
s_15295.jpg,640,640,YPJ,419,259,443,287
s_4200.jpg,640,640,PKK,260,210,392,324
s_8619.jpg,640,640,SILAH,287,153,601,346
s_14400.jpg,640,640,PKK,149,154,186,211
s_14400.jpg,640,640,PKK,294,160,341,203
s_11397.jpg,640,640,YPG,530,202,589,242
s_10448.jpg,640,640,YPG,147,277,185,348
s_11692.jpg,640,640,AK47,217,210,583,477
s_11321.jpg,640,640,PYD,498,176,549,234
s_18255.jpg,640,640,KCK,191,238,396,435
s_15452.jpg,640,640,YPJ,375,285,428,325
s_15452.jpg,640,640,YPJ,71,363,116,399
s_15452.jpg,640,640,AK47,212,280,568,425
s_12438.jpg,640,640,PKK,463,222,530,308
s_7778.jpg,640,640,APO,149,354,272,535
s_7778.jpg,640,640,APO,294,371,379,538
s_7778.jpg,640,640,PKK,375,416,545,538
s_15465.jpg,640,640,YPJ,253,108,536,341
s_12137.jpg,640,640,PKK,357,147,411,207
s_12137.jpg,640,640,PKK,343,203,374,231
s_15850.jpg,640,640,ZI,444,166,512,269
s_11096.jpg,640,640,PJAK,448,140,587,223
s_10297.jpg,640,640,AK47,89,284,411,546
s_10297.jpg,640,640,AK47,397,281,593,397
ekyap_17.jpg,640,640,IBKY,377,343,421,378
s_1130.jpg,640,640,PKK,422,138,537,205
s_18245.jpg,640,640,YPG,273,167,332,236
s_18245.jpg,640,640,KCK,394,239,415,273
s_11488.jpg,640,640,PYD,60,254,165,373
s_6952.jpg,640,640,ZI,360,222,408,293
s_6952.jpg,640,640,ZI,449,269,499,352
s_6952.jpg,640,640,ZI,542,246,579,297
s_6952.jpg,640,640,APO,41,314,197,522
s_6952.jpg,640,640,PKK,92,110,238,295
s_15266.jpg,640,640,YPG,187,201,453,442
s_11512.jpg,640,640,PYD,116,240,232,370
s_3881.jpg,640,640,PKK,159,229,248,347
s_15386.jpg,640,640,YPG,349,215,458,388
s_15386.jpg,640,640,YPJ,79,160,249,380
s_4.jpg,640,640,IBKY,226,267,358,371
s_9049.jpg,640,640,ZI,492,229,543,318
s_9049.jpg,640,640,APO,4,303,175,516
s_9049.jpg,640,640,APO,285,246,348,310
s_859.jpg,640,640,PKK,266,374,378,516
s_12824.jpg,640,640,AK47,268,282,485,477
s_20398.jpg,640,640,YPJ,375,303,551,438
121.jpg_resized.jpg,640,640,APO,36,219,140,347
s_11223.jpg,640,640,KCK,481,216,534,280
s_14616.jpg,640,640,PKK,482,258,500,276
s_11656.jpg,640,640,YPG,570,337,640,418
s_11222.jpg,640,640,KCK,481,215,529,278
s_6780.jpg,640,640,AK47,191,261,604,486
s_10751.jpg,640,640,PYD,2,162,51,229
s_10751.jpg,640,640,PYD,49,236,99,293
s_13713.jpg,640,640,PYD,314,186,347,233
s_13713.jpg,640,640,KCK,477,219,497,246
s_21351.jpg,640,640,AK47,153,333,234,497
s_18241.jpg,640,640,KCK,519,203,581,325
s_18249.jpg,640,640,KCK,337,125,502,292
s_18249.jpg,640,640,MLKP,55,150,162,275
s_15387.jpg,640,640,YPG,48,423,168,564
s_15417.jpg,640,640,YPG,224,137,321,235
s_1.jpg,640,640,MLKP,83,105,278,351
s_10188.jpg,640,640,PKK,385,178,415,225
s_10035.jpg,640,640,YPG,344,138,430,237
s_1039.jpg,640,640,PKK,206,198,297,301
s_1039.jpg,640,640,PKK,4,366,40,419
s_1039.jpg,640,640,APO,36,284,65,335
s_20169.jpg,640,640,HDP,260,297,332,364
s_20169.jpg,640,640,HDP,425,255,493,324
s_12785.jpg,640,640,SILAH,280,244,385,314
s_12785.jpg,640,640,SILAH,494,246,594,315
s_12785.jpg,640,640,SILAH,58,241,164,311
s_12785.jpg,640,640,SILAH,34,387,153,467
s_12785.jpg,640,640,SILAH,274,385,394,465
s_12785.jpg,640,640,SILAH,531,386,640,470
s_11511.jpg,640,640,PYD,112,252,223,358
s_10007.jpg,640,640,PKK,575,141,640,275
s_11640.jpg,640,640,PKK,330,198,447,393
s_11657.jpg,640,640,APO,175,174,208,226
s_10186.jpg,640,640,PJAK,252,139,350,197
s_15463.jpg,640,640,YPJ,247,326,293,383
s_15463.jpg,640,640,YPG,562,342,606,398
s_10125.jpg,640,640,YPJ,190,139,334,218
s_10125.jpg,640,640,YPG,335,142,483,237
s_12231.jpg,640,640,YPG,55,350,114,418
s_12880.jpg,640,640,PJAK,347,281,374,310
s_18663.jpg,640,640,YPJ,75,195,126,236
s_13374.jpg,640,640,HDP,210,247,238,280
ekyap_7.jpg,640,640,ZI,52,210,197,393
ekyap_7.jpg,640,640,ZI,487,284,615,422
s_15454.jpg,640,640,YPJ,291,169,356,229
s_7965.jpg,640,640,SILAH,16,102,638,505
s_10820.jpg,640,640,YPJ,493,290,557,357
s_10337.jpg,640,640,PKK,454,137,640,310
s_11565.jpg,640,640,KCK,258,146,323,213
s_11565.jpg,640,640,KCK,526,141,640,240
s_117.jpg,640,640,YPG,255,139,340,410
s_117.jpg,640,640,YPJ,392,226,423,319
s_10213.jpg,640,640,PKK,357,145,431,225
s_10213.jpg,640,640,PKK,331,169,355,220
s_10213.jpg,640,640,APO,217,195,245,234
s_12799.jpg,640,640,SILAH,87,2,511,637
s_11189.jpg,640,640,APO,184,181,221,216
s_11189.jpg,640,640,PKK,391,152,419,218
s_14228.jpg,640,640,SILAH,3,414,164,508
s_14228.jpg,640,640,SILAH,286,399,392,473
s_14228.jpg,640,640,SILAH,491,370,612,456
s_14228.jpg,640,640,SILAH,41,318,174,381
s_14228.jpg,640,640,SILAH,201,314,315,375
s_14228.jpg,640,640,SILAH,354,310,463,370
s_14228.jpg,640,640,SILAH,489,295,597,354
s_14228.jpg,640,640,SILAH,471,239,564,285
s_14228.jpg,640,640,SILAH,349,244,443,289
s_14228.jpg,640,640,SILAH,228,244,322,289
s_14228.jpg,640,640,SILAH,91,252,198,301
s_15402.jpg,640,640,YPG,284,334,378,408
s_11677.jpg,640,640,KCK,179,166,228,203
s_11677.jpg,640,640,KCK,594,173,640,240
s_14135.jpg,640,640,SILAH,260,222,390,548
s_14364.jpg,640,640,SILAH,58,212,576,558
s_11209.jpg,640,640,SILAH,46,148,565,508
ekyap_12.jpg,640,640,IBKY,521,283,598,358
s_14913.jpg,640,640,YPJ,353,239,399,274
s_12487.jpg,640,640,PKK,283,196,321,233
s_15451.jpg,640,640,YPJ,341,471,427,575
s_13217.jpg,640,640,PKK,299,220,341,264
s_13217.jpg,640,640,PKK,102,202,136,252
s_14091.jpg,640,640,AK47,19,237,619,416
s_11500.jpg,640,640,PYD,77,231,208,371
s_11322.jpg,640,640,PYD,498,178,548,227
s_11645.jpg,640,640,APO,175,180,209,220
s_11401.jpg,640,640,YPG,531,194,604,245
s_9657.jpg,640,640,SILAH,2,122,286,323
s_9657.jpg,640,640,SILAH,334,133,624,337
s_9657.jpg,640,640,SILAH,306,372,617,557
s_9657.jpg,640,640,SILAH,9,366,283,552
s_14503.jpg,640,640,HDP,169,361,257,473
s_14503.jpg,640,640,HDP,411,209,500,322
s_11234.jpg,640,640,PKK,345,261,421,333
s_11350.jpg,640,640,AK47,312,297,478,378
s_11350.jpg,640,640,AK47,508,299,640,410
s_11350.jpg,640,640,AK47,124,300,255,424
s_10037.jpg,640,640,PKK,377,144,436,233
s_10175.jpg,640,640,PJAK,253,140,353,197
ekyap_15.jpg,640,640,IBKY,359,328,424,379
ekyap_15.jpg,640,640,IBKY,135,158,180,212
s_10018.jpg,640,640,PKK,573,140,640,285
s_15358.jpg,640,640,YPG,189,260,386,449
s_14485.jpg,640,640,SILAH,98,171,345,292
s_14485.jpg,640,640,SILAH,385,165,598,327
s_21.jpg,640,640,MLKP,396,174,452,241
s_21.jpg,640,640,YPG,428,108,465,146
s_21.jpg,640,640,MLKP,134,146,172,203
s_12313.jpg,640,640,YPG,70,361,136,431
s_12313.jpg,640,640,PKK,420,395,534,501
s_14186.jpg,640,640,IBKY,384,249,423,287
s_14186.jpg,640,640,IBKY,421,279,458,312
s_17839.jpg,640,640,PKK,341,206,364,235
s_128.jpg,640,640,YPG,403,207,440,231
s_11191.jpg,640,640,KCK,501,186,594,279
s_11191.jpg,640,640,APO,373,237,405,284
s_29.jpg,640,640,APO,301,85,380,199
s_10054.jpg,640,640,YPG,341,141,449,242
73.jpg_resized.jpg,640,640,APO,201,207,345,425
s_11555.jpg,640,640,APO,270,148,295,191
s_15948.jpg,640,640,HDP,495,217,549,261
s_13552.jpg,640,640,PKK,175,419,280,493
s_13552.jpg,640,640,APO,479,334,515,371
s_15429.jpg,640,640,YPG,170,217,272,333
s_12248.jpg,640,640,PKK,356,148,407,202
s_11396.jpg,640,640,YPG,530,203,594,249
s_10513.jpg,640,640,PKK,579,214,640,265
s_10513.jpg,640,640,YPJ,215,280,252,361
s_10513.jpg,640,640,YPJ,132,230,177,271
s_11389.jpg,640,640,YPG,531,207,587,253
s_17836.jpg,640,640,HDP,223,312,275,401
s_15379.jpg,640,640,YPG,370,165,472,273
s_15379.jpg,640,640,MLKP,526,195,551,218
s_10073.jpg,640,640,YPG,228,141,360,287
s_10073.jpg,640,640,YPJ,343,201,429,274
s_12809.jpg,640,640,APO,238,161,277,220
s_12809.jpg,640,640,PKK,130,214,200,280
s_12809.jpg,640,640,PKK,223,261,292,329
s_18266.jpg,640,640,KCK,451,278,506,331
s_17972.jpg,640,640,PKK,317,193,343,229
s_17972.jpg,640,640,APO,51,308,121,378
s_14242.jpg,640,640,SILAH,315,186,424,257
s_15319.jpg,640,640,YPG,206,144,397,324
s_15726.jpg,640,640,HDP,500,224,555,278
s_15726.jpg,640,640,HDP,464,149,491,173
s_11634.jpg,640,640,KCK,192,144,238,179
s_11204.jpg,640,640,APO,402,227,436,273
s_16948.jpg,640,640,HDP,72,387,130,439
s_1082.jpg,640,640,APO,331,314,372,371
s_15329.jpg,640,640,YPG,408,175,473,240
ekyap_5.jpg,640,640,AK47,570,186,632,316
ekyap_5.jpg,640,640,AK47,127,233,204,326
s_10623.jpg,640,640,APO,350,205,385,242
s_5596.jpg,640,640,HDP,245,347,330,452
s_12426.jpg,640,640,PKK,166,171,468,471
s_7897.jpg,640,640,AK47,165,341,615,544
s_10694.jpg,640,640,KCK,396,141,458,231
s_10698.jpg,640,640,KCK,414,141,472,233
s_10698.jpg,640,640,PYD,24,240,60,292
s_11225.jpg,640,640,PKK,393,151,422,214
s_10669.jpg,640,640,KCK,369,144,441,236
s_11303.jpg,640,640,PKK,349,267,404,327
s_10275.jpg,640,640,PKK,162,140,350,500
s_10275.jpg,640,640,PKK,438,135,543,266
s_10082.jpg,640,640,YPG,333,141,474,256
s_11383.jpg,640,640,YPG,528,207,582,254
s_12802.jpg,640,640,AK47,196,222,630,395
s_11219.jpg,640,640,KCK,472,222,522,282
s_11378.jpg,640,640,YPG,526,208,572,258
s_15483.jpg,640,640,PKK,415,144,470,216
s_15483.jpg,640,640,YPJ,134,263,168,301
s_10126.jpg,640,640,PKK,372,140,447,247
s_10126.jpg,640,640,APO,227,195,262,240
s_10508.jpg,640,640,PJAK,147,139,261,180
s_18699.jpg,640,640,YPJ,78,178,127,223
s_15390.jpg,640,640,YPG,300,369,345,420
s_15363.jpg,640,640,YPG,83,1,232,148
s_10201.jpg,640,640,PKK,366,154,416,212
s_10201.jpg,640,640,PKK,324,171,374,217
s_10201.jpg,640,640,APO,217,195,249,233
s_15331.jpg,640,640,YPG,363,242,396,269
s_15331.jpg,640,640,ZI,444,160,530,321
s_12752.jpg,640,640,AK47,385,64,473,399
s_13938.jpg,640,640,IBKY,340,284,392,339
s_15263.jpg,640,640,YPG,38,88,206,255
s_15263.jpg,640,640,AK47,324,332,399,482
s_11317.jpg,640,640,PYD,496,175,553,237
s_5071.jpg,640,640,PKK,245,278,425,416
s_11910.jpg,640,640,PKK,413,235,481,323
s_10470.jpg,640,640,YPJ,176,284,206,342
s_15265.jpg,640,640,YPG,261,261,307,312
s_9862.jpg,640,640,ZI,75,236,95,268
s_9862.jpg,640,640,ZI,191,259,211,288
s_9862.jpg,640,640,ZI,194,294,213,327
s_9862.jpg,640,640,ZI,491,171,508,201
s_15751.jpg,640,640,ZI,324,226,381,306
ekyap_25.jpg,640,640,IBKY,302,197,375,278
s_11197.jpg,640,640,KCK,479,204,558,286
s_10378.jpg,640,640,PKK,461,146,561,301
s_8308.jpg,640,640,AK47,243,18,466,570
s_1116.jpg,640,640,YPG,403,229,515,383
s_4870.jpg,640,640,PKK,75,358,225,531
s_4870.jpg,640,640,ZI,134,171,187,219
s_4870.jpg,640,640,ZI,195,167,236,239
s_4870.jpg,640,640,ZI,275,224,311,281
s_4870.jpg,640,640,ZI,314,220,358,275
s_4870.jpg,640,640,ZI,436,238,475,273
s_4870.jpg,640,640,ZI,481,239,520,278
s_4870.jpg,640,640,ZI,561,215,597,258
s_4870.jpg,640,640,ZI,607,223,640,264
s_11671.jpg,640,640,KCK,155,146,213,205
s_11671.jpg,640,640,KCK,580,183,639,224
s_10005.jpg,640,640,YPG,336,141,471,246
s_34.jpg,640,640,MLKP,8,95,291,458
s_11151.jpg,640,640,HDP,87,128,540,569
s_12812.jpg,640,640,SILAH,288,346,366,414
s_12812.jpg,640,640,SILAH,372,342,441,406
s_12812.jpg,640,640,SILAH,451,331,549,418
s_12812.jpg,640,640,SILAH,524,429,609,500
s_12812.jpg,640,640,SILAH,319,430,382,495
s_12812.jpg,640,640,SILAH,387,418,461,495
s_12812.jpg,640,640,SILAH,458,431,513,499
s_12812.jpg,640,640,SILAH,90,423,205,501
s_14847.jpg,640,640,YPJ,338,230,370,263
s_33.jpg,640,640,MLKP,62,131,174,298
s_33.jpg,640,640,ZI,476,234,591,395
s_18286.jpg,640,640,SILAH,230,229,409,580
s_12537.jpg,640,640,PKK,260,314,296,341
s_20379.jpg,640,640,YPJ,364,306,563,452
s_10471.jpg,640,640,PKK,335,175,370,218
s_6342.jpg,640,640,PKK,13,348,352,513
s_6342.jpg,640,640,ZI,383,149,428,234
s_6342.jpg,640,640,ZI,538,123,566,168
s_1425.jpg,640,640,PKK,337,214,358,258
s_10103.jpg,640,640,PKK,468,178,558,307
s_15474.jpg,640,640,APO,387,230,462,368
s_15474.jpg,640,640,PKK,179,146,238,191
s_15474.jpg,640,640,KCK,171,214,213,244
s_15474.jpg,640,640,YPJ,41,195,79,246
s_15411.jpg,640,640,YPG,104,238,266,452
ekyap_37.jpg,640,640,YPG,28,224,83,273
s_11149.jpg,640,640,KCK,449,178,522,281
s_38.jpg,640,640,PJAK,65,241,260,425
s_14203.jpg,640,640,YPJ,586,171,619,212
s_14203.jpg,640,640,YPJ,303,220,343,259
s_18277.jpg,640,640,KCK,91,348,163,421
s_20664.jpg,640,640,YPG,276,261,349,341
s_13942.jpg,640,640,IBKY,340,284,394,337
s_14197.jpg,640,640,SILAH,260,294,419,361
s_14197.jpg,640,640,SILAH,454,290,583,363
s_14197.jpg,640,640,SILAH,327,408,497,509
s_14197.jpg,640,640,SILAH,438,374,579,467
s_14197.jpg,640,640,SILAH,166,395,334,504
s_14197.jpg,640,640,SILAH,136,152,251,229
s_14197.jpg,640,640,SILAH,258,148,372,224
s_14197.jpg,640,640,SILAH,260,221,387,289
s_14197.jpg,640,640,SILAH,420,205,555,284
s_13801.jpg,640,640,AK47,204,395,269,640
s_10689.jpg,640,640,PYD,8,215,64,288
s_1170.jpg,640,640,PKK,253,196,287,243
s_13947.jpg,640,640,IBKY,340,283,387,338
s_17059.jpg,640,640,HDP,24,405,88,469
s_15418.jpg,640,640,YPG,292,163,436,268
s_15418.jpg,640,640,PKK,237,423,281,471
s_100.jpg,640,640,YPG,306,141,350,397
s_100.jpg,640,640,YPJ,399,231,430,321
s_18240.jpg,640,640,KCK,292,241,380,358
s_15279.jpg,640,640,YPG,316,180,400,265
s_16503.jpg,640,640,HDP,75,399,144,464
s_12814.jpg,640,640,SILAH,132,154,309,267
s_12814.jpg,640,640,SILAH,324,152,495,292
s_11224.jpg,640,640,KCK,488,209,539,279
s_11046.jpg,640,640,IBKY,535,244,577,341
s_10619.jpg,640,640,AK47,241,138,339,375
s_10619.jpg,640,640,AK47,366,141,444,446
s_10619.jpg,640,640,AK47,449,209,553,435
s_10743.jpg,640,640,PKK,398,158,438,216
s_10134.jpg,640,640,YPG,222,135,366,297
129.jpg_resized.jpg,640,640,APO,293,207,402,356
s_15296.jpg,640,640,YPG,133,190,304,341
s_15296.jpg,640,640,KCK,170,414,259,486
s_10172.jpg,640,640,PKK,443,177,555,309
s_11226.jpg,640,640,KCK,498,210,537,272
s_15388.jpg,640,640,YPG,77,260,125,355
s_15376.jpg,640,640,YPG,423,348,518,480
s_13509.jpg,640,640,AK47,267,263,487,459
s_15349.jpg,640,640,YPG,455,323,502,387
s_15349.jpg,640,640,YPG,285,275,319,318
s_15349.jpg,640,640,AK47,147,276,195,506
s_15349.jpg,640,640,AK47,205,354,377,551
s_15349.jpg,640,640,AK47,32,328,84,507
s_15818.jpg,640,640,PKK,374,164,461,252
s_19685.jpg,640,640,APO,371,152,427,214
s_10931.jpg,640,640,PKK,162,202,333,341
s_10931.jpg,640,640,APO,139,142,175,197
s_10241.jpg,640,640,PJAK,258,127,352,210
s_12296.jpg,640,640,PKK,450,140,558,350
s_12637.jpg,640,640,APO,321,186,362,251
s_12637.jpg,640,640,PKK,382,235,447,298
s_12637.jpg,640,640,PKK,461,246,481,272
s_12637.jpg,640,640,APO,606,248,628,268
s_12637.jpg,640,640,APO,215,260,224,278
s_12637.jpg,640,640,APO,523,233,537,244
s_10078.jpg,640,640,PKK,372,141,439,233
s_10078.jpg,640,640,APO,232,199,269,238
s_6121.jpg,640,640,PKK,228,212,266,258
s_12131.jpg,640,640,PKK,159,157,363,380
s_12131.jpg,640,640,PKK,402,237,489,323
s_18736.jpg,640,640,YPG,174,284,214,319
s_18736.jpg,640,640,YPJ,90,193,132,234
ekyap_46.jpg,640,640,YPG,241,195,281,235
s_15424.jpg,640,640,YPG,438,222,567,330
s_17.jpg,640,640,MLKP,447,165,630,358
s_22.jpg,640,640,MLKP,349,117,374,154
s_22.jpg,640,640,MLKP,433,114,464,160
s_22.jpg,640,640,MLKP,532,110,560,150
s_22.jpg,640,640,MLKP,128,186,147,218
s_11961.jpg,640,640,PKK,423,227,484,303
s_15473.jpg,640,640,ZI,234,271,281,345
s_15473.jpg,640,640,ZI,328,125,378,212
s_15473.jpg,640,640,ZI,160,181,197,258
s_15473.jpg,640,640,PKK,383,346,570,504
s_112.jpg,640,640,YPG,280,139,341,411
s_13816.jpg,640,640,AK47,130,236,640,520
s_12237.jpg,640,640,PKK,370,140,487,282
s_17415.jpg,640,640,PKK,121,141,273,290
s_12751.jpg,640,640,SILAH,311,235,456,418
s_10692.jpg,640,640,PYD,15,231,58,278
s_10692.jpg,640,640,APO,472,200,511,235
s_10692.jpg,640,640,YPJ,397,259,473,417
s_14206.jpg,640,640,YPJ,114,245,149,280
s_10123.jpg,640,640,PKK,561,148,640,288
s_21531.jpg,640,640,AK47,245,327,263,354
s_21531.jpg,640,640,AK47,427,327,440,358
s_21531.jpg,640,640,AK47,587,330,606,364
s_21531.jpg,640,640,AK47,526,325,545,363
s_5428.jpg,640,640,SILAH,243,265,411,378
s_12480.jpg,640,640,YPJ,178,186,219,247
s_11501.jpg,640,640,PYD,88,254,210,361
s_11478.jpg,640,640,PYD,553,259,575,282
s_11478.jpg,640,640,PYD,17,201,149,416
s_6442.jpg,640,640,SILAH,343,320,474,425
s_18503.jpg,640,640,HDP,140,210,168,235
s_21518.jpg,640,640,AK47,553,327,572,361
s_21518.jpg,640,640,AK47,287,326,304,354
s_21518.jpg,640,640,AK47,384,325,397,362
s_12586.jpg,640,640,AK47,220,321,613,516
s_11499.jpg,640,640,PYD,79,242,206,367
s_18826.jpg,640,640,YPJ,117,201,158,244
s_18826.jpg,640,640,YPG,208,267,250,297
s_18781.jpg,640,640,HDP,417,252,504,337
s_11146.jpg,640,640,PKK,367,256,429,342
s_3540.jpg,640,640,PKK,242,416,306,476
s_10225.jpg,640,640,PKK,355,143,430,227
s_10225.jpg,640,640,PKK,328,169,355,220
s_10129.jpg,640,640,PKK,438,156,567,315
s_15408.jpg,640,640,YPG,526,178,575,246
s_15408.jpg,640,640,YPG,63,206,123,273
s_10249.jpg,640,640,PKK,353,141,426,231
s_10249.jpg,640,640,PKK,323,165,355,221
s_10249.jpg,640,640,APO,217,193,245,235
s_12782.jpg,640,640,SILAH,93,216,542,520
s_15059.jpg,640,640,HDP,461,159,498,210
s_10509.jpg,640,640,PKK,347,189,370,216
s_10509.jpg,640,640,APO,217,192,243,231
s_10673.jpg,640,640,PKK,155,185,394,314
s_10825.jpg,640,640,PKK,368,214,436,333
s_10825.jpg,640,640,PKK,20,162,297,359
s_15396.jpg,640,640,YPG,296,192,364,286
s_15396.jpg,640,640,AK47,406,146,466,299
s_21388.jpg,640,640,AK47,282,302,480,446
s_14871.jpg,640,640,ZI,535,260,602,363
ekyap_22.jpg,640,640,IBKY,48,192,298,485
s_14532.jpg,640,640,ZI,50,144,95,189
s_11001.jpg,640,640,PKK,381,144,432,207
s_11218.jpg,640,640,PKK,346,259,426,321
s_11894.jpg,640,640,PKK,410,230,485,323
ekyap_16.jpg,640,640,IBKY,374,337,421,376
s_13991.jpg,640,640,IBKY,364,296,394,324
42.jpg_resized.jpg,640,640,APO,336,329,527,578
42.jpg_resized.jpg,640,640,APO,19,490,192,640
s_13908.jpg,640,640,AK47,221,355,319,514
s_10024.jpg,640,640,YPG,230,139,362,277
s_10024.jpg,640,640,YPJ,348,208,428,274
s_11141.jpg,640,640,APO,313,267,334,297
s_11141.jpg,640,640,APO,381,227,406,267
s_11052.jpg,640,640,SILAH,43,149,558,504
s_19610.jpg,640,640,YPG,305,205,395,303
s_17381.jpg,640,640,PKK,153,155,296,311
s_20536.jpg,640,640,YPJ,399,351,431,388
s_15871.jpg,640,640,ZI,353,311,395,371
s_12263.jpg,640,640,HDP,241,252,265,270
s_11694.jpg,640,640,PKK,348,142,396,235
s_12294.jpg,640,640,PKK,466,145,570,348
s_10907.jpg,640,640,AK47,226,246,385,310
s_10907.jpg,640,640,AK47,55,261,113,367
s_10907.jpg,640,640,AK47,508,203,617,248
s_10907.jpg,640,640,AK47,336,227,447,307
s_13111.jpg,640,640,YPG,481,210,506,232
s_15469.jpg,640,640,YPJ,216,176,306,257
s_15469.jpg,640,640,KCK,145,212,216,284
s_15469.jpg,640,640,YPJ,58,191,104,244
s_15400.jpg,640,640,YPG,353,145,500,292
s_18603.jpg,640,640,HDP,426,166,640,441
s_10254.jpg,640,640,PKK,459,169,568,303
s_13162.jpg,640,640,PKK,168,182,380,397
s_1011.jpg,640,640,YPJ,421,197,503,309
s_1011.jpg,640,640,YPG,168,261,220,320
s_1011.jpg,640,640,PKK,198,252,294,429
s_15382.jpg,640,640,YPG,376,202,417,248
s_12742.jpg,640,640,AK47,200,121,537,430
s_1027.jpg,640,640,YPJ,237,118,451,238
s_8983.jpg,640,640,SILAH,33,342,229,447
s_8983.jpg,640,640,SILAH,264,343,455,452
s_8983.jpg,640,640,SILAH,453,303,640,410
s_15271.jpg,640,640,YPG,193,224,326,336
s_13557.jpg,640,640,APO,60,192,89,247
s_13102.jpg,640,640,YPG,487,206,511,235
s_12437.jpg,640,640,YPJ,172,177,219,241
s_13098.jpg,640,640,YPG,484,206,517,239
s_10040.jpg,640,640,HDP,341,293,468,375
s_10040.jpg,640,640,HDP,151,347,278,435
s_12766.jpg,640,640,SILAH,312,180,421,305
ekyap_38.jpg,640,640,YPG,549,252,591,300
ekyap_38.jpg,640,640,IBKY,57,218,119,284
s_12429.jpg,640,640,PKK,155,149,212,262
s_17182.jpg,640,640,PKK,221,166,332,303
s_11163.jpg,640,640,PKK,385,152,418,220
s_11163.jpg,640,640,APO,187,184,225,218
s_1255.jpg,640,640,PKK,333,163,351,300
s_12124.jpg,640,640,PKK,7,312,134,453
s_12124.jpg,640,640,IBKY,523,353,631,532
s_18738.jpg,640,640,YPJ,86,186,133,232
s_10115.jpg,640,640,PKK,23,141,298,425
s_10115.jpg,640,640,PKK,390,153,496,389
s_10152.jpg,640,640,PKK,556,188,583,293
s_11180.jpg,640,640,KCK,515,192,606,295
s_11180.jpg,640,640,APO,356,248,391,288
s_10840.jpg,640,640,AK47,286,260,612,394
s_12865.jpg,640,640,PJAK,334,286,362,310
s_7875.jpg,640,640,SILAH,95,228,481,487
s_11221.jpg,640,640,KCK,475,220,523,282
s_11405.jpg,640,640,YPJ,390,214,424,257
s_15297.jpg,640,640,YPJ,234,211,275,254
s_15297.jpg,640,640,YPJ,604,223,627,265
s_15297.jpg,640,640,YPG,434,219,480,257
s_15297.jpg,640,640,YPG,57,210,105,262
s_18650.jpg,640,640,YPJ,74,193,126,241
s_11480.jpg,640,640,PYD,44,242,153,405
s_15336.jpg,640,640,YPG,108,324,136,356
s_15336.jpg,640,640,AK47,270,346,371,418
s_12514.jpg,640,640,PKK,296,42,404,137
s_12514.jpg,640,640,ZI,175,338,208,397
s_12514.jpg,640,640,ZI,481,380,515,441
s_12514.jpg,640,640,ZI,220,409,249,444
s_12514.jpg,640,640,PKK,186,292,235,344
s_15409.jpg,640,640,YPJ,77,118,271,308
s_15409.jpg,640,640,YPG,353,333,575,522
s_11635.jpg,640,640,KCK,181,142,248,193
s_11810.jpg,640,640,IBKY,538,236,572,339
s_13124.jpg,640,640,YPG,492,205,513,232
s_10130.jpg,640,640,PJAK,260,139,358,195
s_12700.jpg,640,640,PKK,209,105,266,150
s_12700.jpg,640,640,KCK,20,105,123,181
s_12700.jpg,640,640,ZI,2,211,28,264
s_12700.jpg,640,640,ZI,561,233,588,297
s_9252.jpg,640,640,AK47,443,163,496,326
s_9252.jpg,640,640,AK47,308,202,343,298
s_9252.jpg,640,640,AK47,187,188,211,346
s_9252.jpg,640,640,ZI,130,276,157,328
s_9252.jpg,640,640,ZI,547,208,594,274
s_9252.jpg,640,640,ZI,262,260,292,301
s_9.jpg,640,640,DHKPC,56,141,211,252
s_9.jpg,640,640,DHKPC,393,141,540,246
s_10105.jpg,640,640,YPG,329,140,448,235
s_10105.jpg,640,640,YPJ,185,139,302,205
s_7382.jpg,640,640,YPG,15,190,83,248
s_7382.jpg,640,640,YPG,255,184,292,216
s_7382.jpg,640,640,APO,200,306,408,484
s_15334.jpg,640,640,YPG,337,237,458,362
s_12745.jpg,640,640,PKK,183,264,307,374
s_17281.jpg,640,640,HDP,393,422,424,458
s_10621.jpg,640,640,APO,352,203,386,239
s_15549.jpg,640,640,MLKP,92,272,109,294
s_17725.jpg,640,640,HDP,251,299,296,396
s_12130.jpg,640,640,PKK,199,476,304,631
s_11183.jpg,640,640,PKK,419,361,450,398
s_12492.jpg,640,640,APO,308,260,342,310
s_12492.jpg,640,640,APO,47,202,94,239
s_12492.jpg,640,640,APO,534,330,564,369
s_12492.jpg,640,640,PKK,12,252,64,302
s_12492.jpg,640,640,PKK,137,348,190,403
s_12492.jpg,640,640,PKK,304,121,356,155
s_20416.jpg,640,640,MLKP,243,147,270,186
s_11566.jpg,640,640,KCK,527,142,640,246
s_11566.jpg,640,640,KCK,257,141,318,212
s_11566.jpg,640,640,PKK,81,159,108,220
s_15449.jpg,640,640,YPJ,134,407,205,505
s_15480.jpg,640,640,YPJ,217,226,391,376
s_19611.jpg,640,640,YPG,309,206,394,312
s_19611.jpg,640,640,APO,385,145,434,199
s_10041.jpg,640,640,YPJ,45,198,111,252
s_10041.jpg,640,640,PKK,341,200,365,252
s_10041.jpg,640,640,PKK,551,190,585,298
s_11916.jpg,640,640,PKK,363,153,404,215
s_12760.jpg,640,640,SILAH,2,158,640,475
s_18827.jpg,640,640,YPJ,464,231,498,284
ekyap_41.jpg,640,640,YPG,306,192,368,257
ekyap_41.jpg,640,640,YPJ,72,252,123,297
s_10008.jpg,640,640,YPG,345,141,468,243
s_11271.jpg,640,640,KCK,572,175,631,248
s_11271.jpg,640,640,APO,480,242,508,273
s_10100.jpg,640,640,YPJ,189,139,285,209
s_10100.jpg,640,640,YPG,329,138,443,246
s_21395.jpg,640,640,AK47,358,308,404,500
s_14425.jpg,640,640,AK47,11,242,630,500
s_11504.jpg,640,640,PYD,91,258,212,363
s_15414.jpg,640,640,YPG,255,340,356,441
s_7818.jpg,640,640,HDP,196,375,274,464
s_7818.jpg,640,640,HDP,384,272,483,357
s_7120.jpg,640,640,YPJ,255,357,301,393
s_7120.jpg,640,640,YPJ,374,266,413,296
s_7120.jpg,640,640,AK47,381,222,508,563
s_7120.jpg,640,640,AK47,461,191,508,321
s_12795.jpg,640,640,YPG,316,283,342,310
s_12795.jpg,640,640,AK47,433,312,540,452
s_10087.jpg,640,640,PKK,75,141,144,320
s_17159.jpg,640,640,PKK,224,166,343,305
s_3877.jpg,640,640,SILAH,102,141,216,220
s_11879.jpg,640,640,PKK,359,156,405,216
s_16837.jpg,640,640,HDP,77,376,133,436
s_15377.jpg,640,640,YPG,401,290,489,384
s_15377.jpg,640,640,AK47,98,265,195,507
s_10507.jpg,640,640,YPJ,202,276,246,356
s_8452.jpg,640,640,SILAH,65,144,581,507
s_10818.jpg,640,640,PKK,558,218,592,268
s_10895.jpg,640,640,YPJ,152,148,215,227
s_35.jpg,640,640,MLKP,214,129,290,215
s_35.jpg,640,640,YPG,9,113,77,166
s_35.jpg,640,640,MLKP,207,376,231,399
s_35.jpg,640,640,MLKP,436,314,458,335
s_35.jpg,640,640,MLKP,553,102,596,157
s_35.jpg,640,640,YPG,560,239,600,277
s_35.jpg,640,640,AK47,141,404,285,535
s_11256.jpg,640,640,KCK,515,182,605,243
s_10933.jpg,640,640,YPG,93,280,114,296
s_10933.jpg,640,640,YPJ,87,258,116,280
s_10933.jpg,640,640,YPJ,488,250,553,419
s_18059.jpg,640,640,HDP,210,316,263,402
s_14281.jpg,640,640,HDP,336,127,390,182
s_14281.jpg,640,640,HDP,431,125,474,167
s_14281.jpg,640,640,HDP,35,161,73,201
s_14281.jpg,640,640,HDP,233,405,313,485
s_14281.jpg,640,640,HDP,251,280,314,341
s_10133.jpg,640,640,IBKY,538,239,606,337
s_1126.jpg,640,640,PKK,494,152,515,188
s_19664.jpg,640,640,YPG,289,188,373,275
s_19664.jpg,640,640,APO,364,160,411,203
s_4529.jpg,640,640,PKK,317,347,378,399
s_4529.jpg,640,640,YPJ,421,293,481,348
s_15374.jpg,640,640,YPG,196,305,251,373
s_18244.jpg,640,640,KCK,299,211,355,268
s_12300.jpg,640,640,PKK,353,145,402,204
s_21332.jpg,640,640,AK47,160,237,253,501
s_7984.jpg,640,640,PKK,86,401,162,482
s_7984.jpg,640,640,PKK,82,286,109,308
s_7984.jpg,640,640,KCK,445,244,462,263
s_7984.jpg,640,640,APO,298,261,312,287
s_14915.jpg,640,640,YPJ,357,247,384,278
s_14061.jpg,640,640,SILAH,24,275,442,582
s_13090.jpg,640,640,YPG,489,208,515,237
s_10187.jpg,640,640,PKK,24,139,315,416
s_10187.jpg,640,640,PKK,379,146,504,365
s_14332.jpg,640,640,SILAH,92,383,160,427
s_14332.jpg,640,640,SILAH,189,379,260,428
s_14332.jpg,640,640,SILAH,291,382,355,430
s_14332.jpg,640,640,SILAH,390,384,458,430
s_14332.jpg,640,640,SILAH,496,382,565,433
s_10672.jpg,640,640,AK47,163,275,559,429
s_12798.jpg,640,640,SILAH,245,452,348,537
s_12798.jpg,640,640,SILAH,345,437,472,539
s_12798.jpg,640,640,SILAH,343,347,458,429
s_12798.jpg,640,640,SILAH,253,361,347,439
s_12798.jpg,640,640,SILAH,240,280,349,349
s_12798.jpg,640,640,SILAH,345,271,450,346
s_12798.jpg,640,640,SILAH,257,210,345,276
s_12798.jpg,640,640,SILAH,337,203,442,267
s_12798.jpg,640,640,SILAH,341,152,434,209
s_12798.jpg,640,640,SILAH,268,153,349,206
s_12798.jpg,640,640,SILAH,274,105,347,158
s_12798.jpg,640,640,SILAH,343,107,428,158
s_12798.jpg,640,640,SILAH,270,61,348,105
s_12798.jpg,640,640,SILAH,344,63,420,108
s_15456.jpg,640,640,YPJ,449,377,517,453
s_2139.jpg,640,640,YPJ,487,174,579,291
s_12778.jpg,640,640,AK47,202,359,456,576
s_12778.jpg,640,640,AK47,446,300,597,398
ekyap_11.jpg,640,640,IBKY,517,277,604,352
ekyap_19.jpg,640,640,IBKY,260,261,414,455
s_13303.jpg,640,640,ZI,493,161,521,189
s_13303.jpg,640,640,YPJ,246,198,268,231
s_18748.jpg,640,640,HDP,223,146,413,342
s_12440.jpg,640,640,PKK,178,324,376,392
s_15614.jpg,640,640,HDP,489,220,546,278
126.jpg_resized.jpg,640,640,APO,322,174,583,471
s_11167.jpg,640,640,KCK,521,197,572,302
s_11167.jpg,640,640,YPJ,334,199,398,269
s_17448.jpg,640,640,PKK,109,139,256,274
s_18670.jpg,640,640,HDP,364,301,477,395
s_18670.jpg,640,640,HDP,174,256,228,295
s_18670.jpg,640,640,HDP,1,286,60,373
s_11131.jpg,640,640,PKK,115,104,283,318
s_15340.jpg,640,640,YPG,179,300,243,359
s_15340.jpg,640,640,YPG,341,208,389,249
s_15340.jpg,640,640,YPJ,413,208,488,293
s_15340.jpg,640,640,YPG,211,448,243,475
s_12168.jpg,640,640,PKK,392,375,493,500
s_12168.jpg,640,640,YPG,53,356,99,405
s_12168.jpg,640,640,PKK,97,376,123,410
s_19462.jpg,640,640,SILAH,224,244,434,484
s_10594.jpg,640,640,APO,214,192,247,229
s_10594.jpg,640,640,PKK,343,186,370,215
s_17259.jpg,640,640,PKK,211,173,319,318
s_20658.jpg,640,640,YPG,247,244,379,377
s_15394.jpg,640,640,YPG,321,285,337,305
s_15394.jpg,640,640,AK47,422,314,536,450
s_11562.jpg,640,640,KCK,263,143,326,205
s_4409.jpg,640,640,SILAH,404,222,515,306
s_15291.jpg,640,640,IBKY,191,259,251,303
s_15291.jpg,640,640,IBKY,28,277,91,329
s_15291.jpg,640,640,YPG,427,335,459,365
s_15291.jpg,640,640,YPG,244,372,275,410
s_15291.jpg,640,640,YPJ,347,369,371,401
s_11520.jpg,640,640,AK47,194,329,258,541
s_11190.jpg,640,640,KCK,500,180,597,280
s_11190.jpg,640,640,APO,369,239,402,286
s_23.jpg,640,640,KCK,341,127,483,288
s_23.jpg,640,640,MLKP,57,149,159,277
s_15432.jpg,640,640,YPG,345,186,421,258
s_15432.jpg,640,640,YPG,462,210,520,261
ekyap_8.jpg,640,640,ZI,492,305,622,437
ekyap_8.jpg,640,640,ZI,94,230,246,414
s_18243.jpg,640,640,KCK,387,189,420,226
s_18243.jpg,640,640,KCK,509,222,567,280
s_15763.jpg,640,640,ZI,389,175,445,272
s_20308.jpg,640,640,YPJ,282,378,313,429
s_15285.jpg,640,640,YPG,321,220,378,276
s_15285.jpg,640,640,YPJ,264,363,311,425
s_11300.jpg,640,640,PKK,370,195,386,229
s_11300.jpg,640,640,APO,228,220,247,244
s_13940.jpg,640,640,IBKY,340,284,393,337
ekyap_43.jpg,640,640,YPJ,146,337,256,476
s_18661.jpg,640,640,YPJ,72,193,121,236
s_11202.jpg,640,640,IBKY,537,242,575,336
s_12513.jpg,640,640,APO,508,306,568,397
s_12513.jpg,640,640,KCK,419,338,509,425
s_8929.jpg,640,640,HDP,196,361,264,424
s_10014.jpg,640,640,PKK,19,142,376,402
s_10014.jpg,640,640,PKK,402,153,507,380
s_10046.jpg,640,640,YPG,340,139,460,230
s_12450.jpg,640,640,PKK,244,114,392,305
s_10235.jpg,640,640,PKK,387,150,509,325
s_10235.jpg,640,640,PKK,29,129,374,429
s_12771.jpg,640,640,SILAH,350,220,460,412
s_18614.jpg,640,640,HDP,310,221,336,247
s_12767.jpg,640,640,SILAH,260,254,398,410
s_1270.jpg,640,640,YPG,395,229,530,386
s_1270.jpg,640,640,YPG,189,165,256,252
s_1203.jpg,640,640,APO,279,199,319,246
s_12772.jpg,640,640,AK47,209,165,416,259
s_12772.jpg,640,640,AK47,357,377,555,476
s_6103.jpg,640,640,AK47,194,278,623,490
s_41.jpg,640,640,HDP,272,337,349,450
s_20109.jpg,640,640,YPJ,432,401,482,461
s_10464.jpg,640,640,YPG,1,324,41,393
s_1025.jpg,640,640,YPG,396,204,432,238
s_1025.jpg,640,640,YPJ,482,208,506,243
s_12.jpg,640,640,MLKP,2,86,206,392
s_12.jpg,640,640,MLKP,189,450,255,508
s_12.jpg,640,640,YPJ,389,426,463,514
s_11664.jpg,640,640,AK47,198,318,448,492
s_17170.jpg,640,640,HDP,139,201,176,242
s_11304.jpg,640,640,PYD,494,180,555,241
s_12007.jpg,640,640,YPJ,154,139,223,227
s_10042.jpg,640,640,PKK,569,142,640,286
s_2113.jpg,640,640,YPJ,480,165,570,281
s_15441.jpg,640,640,YPG,326,336,356,370
s_15441.jpg,640,640,YPJ,291,342,319,378
s_15305.jpg,640,640,YPG,292,414,389,452
s_10088.jpg,640,640,ZI,279,165,341,226
s_10214.jpg,640,640,PKK,450,180,562,301
s_12236.jpg,640,640,PKK,358,147,410,201
s_10771.jpg,640,640,PYD,61,231,98,295
s_13922.jpg,640,640,SILAH,242,205,396,488
s_13922.jpg,640,640,SILAH,374,191,543,392
s_5087.jpg,640,640,AK47,424,348,589,455
s_5087.jpg,640,640,AK47,183,339,304,418
s_6545.jpg,640,640,ZI,281,123,342,207
s_6545.jpg,640,640,ZI,362,196,399,244
s_6545.jpg,640,640,ZI,396,199,421,249
s_6545.jpg,640,640,ZI,513,185,549,242
s_6545.jpg,640,640,ZI,579,155,633,265
s_6545.jpg,640,640,ZI,258,195,288,248
s_13956.jpg,640,640,IBKY,341,283,375,337
s_18307.jpg,640,640,ZI,236,207,268,261
s_12694.jpg,640,640,PKK,377,146,436,209
s_18644.jpg,640,640,ZI,185,156,240,261
s_15278.jpg,640,640,YPG,189,185,289,266
s_10468.jpg,640,640,YPG,455,220,511,265
s_10468.jpg,640,640,YPJ,171,281,206,350
s_18911.jpg,640,640,PKK,400,107,573,309
s_17948.jpg,640,640,HDP,540,294,600,360
s_17948.jpg,640,640,APO,307,276,364,337
s_10763.jpg,640,640,AK47,283,203,429,324
s_11743.jpg,640,640,PKK,125,207,430,505
s_11184.jpg,640,640,KCK,498,163,611,286
s_13094.jpg,640,640,YPG,481,204,515,238
s_11148.jpg,640,640,PKK,387,151,419,218
s_11148.jpg,640,640,APO,191,185,225,217
s_11393.jpg,640,640,YPG,532,205,581,250
s_20.jpg,640,640,PJAK,424,250,521,406
s_10064.jpg,640,640,PKK,570,141,640,294
s_10321.jpg,640,640,PKK,35,140,437,459
s_10321.jpg,640,640,PKK,387,144,524,323
s_10066.jpg,640,640,PKK,375,142,451,244
s_17503.jpg,640,640,HDP,332,422,377,460
s_10240.jpg,640,640,PKK,441,150,569,317
s_15364.jpg,640,640,YPG,24,410,90,473
s_5696.jpg,640,640,PKK,258,222,338,313
s_5696.jpg,640,640,APO,541,232,583,273
s_10422.jpg,640,640,APO,215,200,240,238
s_12856.jpg,640,640,PJAK,326,284,357,310
s_12427.jpg,640,640,PKK,100,375,210,484
s_12427.jpg,640,640,KCK,417,359,561,496
s_12427.jpg,640,640,PKK,391,180,460,249
s_103.jpg,640,640,YPG,300,139,346,433
s_103.jpg,640,640,YPJ,393,231,426,314
s_11192.jpg,640,640,KCK,494,186,577,275
s_15460.jpg,640,640,YPJ,514,300,557,355
s_12790.jpg,640,640,SILAH,183,279,307,393
s_10750.jpg,640,640,PYD,1,143,45,239
s_10750.jpg,640,640,PYD,49,226,100,295
s_8.jpg,640,640,PJAK,305,229,361,276
s_9658.jpg,640,640,APO,549,222,604,280
s_9658.jpg,640,640,PKK,528,191,562,218
s_9658.jpg,640,640,ZI,473,258,509,295
s_9658.jpg,640,640,ZI,597,346,640,397
s_9658.jpg,640,640,ZI,129,158,161,193
96.jpg_resized.jpg,640,640,APO,209,125,445,478
s_15365.jpg,640,640,YPG,464,131,552,213
s_12873.jpg,640,640,YPG,274,212,314,257
s_13856.jpg,640,640,PKK,98,185,177,239
s_13856.jpg,640,640,APO,471,141,508,191
s_13946.jpg,640,640,IBKY,341,282,390,339
s_12373.jpg,640,640,YPJ,166,173,215,241
s_13959.jpg,640,640,IBKY,345,284,375,337
s_17846.jpg,640,640,APO,87,317,134,407
s_17846.jpg,640,640,PKK,338,210,361,237
s_15833.jpg,640,640,ZI,470,177,539,280
s_10898.jpg,640,640,PYD,41,224,100,295
s_11862.jpg,640,640,APO,552,293,583,337
s_20352.jpg,640,640,YPJ,357,305,567,444
ekyap_31.jpg,640,640,PKK,33,162,140,261
ekyap_31.jpg,640,640,APO,326,321,407,425
s_10680.jpg,640,640,APO,275,209,292,235
s_10680.jpg,640,640,PKK,373,188,391,225
s_16281.jpg,640,640,HDP,23,238,57,262
s_10003.jpg,640,640,YPG,338,140,473,250
s_8626.jpg,640,640,PKK,344,141,387,182
s_8626.jpg,640,640,APO,199,265,224,288
s_8626.jpg,640,640,KCK,269,335,295,354
s_10607.jpg,640,640,APO,209,189,242,228
s_10607.jpg,640,640,PKK,341,184,370,216
s_10607.jpg,640,640,PKK,381,166,416,223
s_10373.jpg,640,640,YPJ,205,137,294,216
s_10383.jpg,640,640,YPG,358,248,407,302
s_10383.jpg,640,640,YPG,274,245,311,276
s_10383.jpg,640,640,YPJ,86,284,114,319
s_11691.jpg,640,640,APO,1,167,85,235
s_15280.jpg,640,640,YPG,176,139,463,421
s_15293.jpg,640,640,PKK,355,214,400,273
s_5595.jpg,640,640,SILAH,16,169,156,381
s_5595.jpg,640,640,SILAH,482,147,591,299
s_11895.jpg,640,640,PKK,362,293,428,374
s_14912.jpg,640,640,ZI,40,146,83,190
s_20661.jpg,640,640,YPG,253,239,352,346
s_21413.jpg,640,640,AK47,337,308,459,501
s_11199.jpg,640,640,PKK,353,248,428,338
s_10036.jpg,640,640,YPG,341,140,434,233
s_15407.jpg,640,640,YPG,200,222,431,418
s_10001.jpg,640,640,PKK,374,142,446,233
s_10001.jpg,640,640,APO,244,205,270,237
s_1144.jpg,640,640,ZI,192,158,251,250
s_18637.jpg,640,640,HDP,456,176,640,423
ekyap_20.jpg,640,640,IBKY,251,243,396,442
s_11412.jpg,640,640,YPG,540,193,615,242
s_12769.jpg,640,640,SILAH,210,125,431,293
s_4240.jpg,640,640,SILAH,126,139,308,495
s_12333.jpg,640,640,PKK,134,139,313,249
s_19058.jpg,640,640,HDP,254,295,333,357
s_19058.jpg,640,640,HDP,428,250,496,325
s_17840.jpg,640,640,PKK,341,204,364,237
4.jpg_resized.jpg,640,640,APO,146,37,481,520
s_18170.jpg,640,640,HDP,540,278,602,353
s_18170.jpg,640,640,HDP,352,371,369,396
s_14030.jpg,640,640,AK47,312,190,366,495
s_10506.jpg,640,640,PKK,91,73,283,295
s_10506.jpg,640,640,YPG,294,75,391,222
s_10506.jpg,640,640,ZI,403,114,435,176
s_10506.jpg,640,640,YPJ,453,71,625,171
s_11380.jpg,640,640,YPG,525,208,575,257
s_18697.jpg,640,640,YPJ,76,180,128,226
s_14076.jpg,640,640,YPG,466,314,491,348
s_14076.jpg,640,640,AK47,355,402,456,500
s_12599.jpg,640,640,ZI,340,116,375,147
s_12599.jpg,640,640,ZI,141,116,174,163
s_12599.jpg,640,640,ZI,47,127,70,173
s_15389.jpg,640,640,YPG,519,326,546,358
s_15389.jpg,640,640,AK47,181,422,314,640
s_11490.jpg,640,640,PYD,64,251,179,391
s_11639.jpg,640,640,PKK,557,138,640,192
s_11639.jpg,640,640,PKK,485,205,561,284
s_15405.jpg,640,640,YPG,240,190,370,325
s_11756.jpg,640,640,PKK,357,156,406,220
s_11756.jpg,640,640,APO,162,170,194,221
s_15339.jpg,640,640,YPG,192,223,248,301
s_15339.jpg,640,640,YPG,402,170,484,246
s_15762.jpg,640,640,ZI,391,174,444,271
s_11195.jpg,640,640,KCK,475,197,556,284
s_6707.jpg,640,640,HDP,347,188,470,339
s_15282.jpg,640,640,PKK,355,212,403,270
s_11215.jpg,640,640,KCK,468,214,514,290
s_11594.jpg,640,640,KCK,253,166,313,212
s_6443.jpg,640,640,SILAH,447,212,564,350
s_4460.jpg,640,640,PKK,270,278,338,352
s_10746.jpg,640,640,PKK,72,157,135,267
s_4920.jpg,640,640,AK47,458,9,597,486
s_4920.jpg,640,640,IBKY,106,483,180,547
s_11678.jpg,640,640,KCK,183,165,230,210
s_11678.jpg,640,640,KCK,601,179,640,239
s_10772.jpg,640,640,APO,221,240,360,342
s_10772.jpg,640,640,APO,92,183,111,210
s_15462.jpg,640,640,AK47,289,282,388,364
s_15462.jpg,640,640,AK47,162,331,189,426
s_15462.jpg,640,640,AK47,71,348,96,412
s_18792.jpg,640,640,HDP,458,180,531,258
s_18792.jpg,640,640,HDP,74,298,156,378
s_17193.jpg,640,640,PKK,220,167,332,305
s_8019.jpg,640,640,AK47,161,388,405,475
s_10457.jpg,640,640,YPJ,157,281,194,347
s_17979.jpg,640,640,APO,47,307,127,384
s_17979.jpg,640,640,PKK,308,186,339,222
s_14280.jpg,640,640,YPJ,155,256,188,289
s_14392.jpg,640,640,HDP,363,212,502,373
s_14392.jpg,640,640,HDP,198,344,284,438
s_12028.jpg,640,640,PKK,174,156,212,212
s_19663.jpg,640,640,PKK,90,218,147,278
s_15485.jpg,640,640,YPJ,140,124,260,241
s_13030.jpg,640,640,AK47,208,87,598,299
s_12617.jpg,640,640,PKK,194,126,283,224
ekyap_27.jpg,640,640,IBKY,83,182,239,363
s_14181.jpg,640,640,SILAH,337,294,418,367
s_12472.jpg,640,640,PKK,135,175,226,304
s_12967.jpg,640,640,PJAK,500,278,534,304
s_10226.jpg,640,640,YPJ,459,267,572,373
s_11703.jpg,640,640,APO,415,177,454,232
s_11703.jpg,640,640,APO,5,174,96,249
s_11703.jpg,640,640,KCK,206,141,258,199
s_8204.jpg,640,640,PKK,196,122,383,265
s_13253.jpg,640,640,APO,126,184,158,229
s_1423.jpg,640,640,YPG,449,289,511,359
s_1423.jpg,640,640,YPG,184,139,268,260
s_12375.jpg,640,640,YPJ,6,194,78,251
s_11306.jpg,640,640,APO,200,199,267,254
s_14378.jpg,640,640,SILAH,110,168,555,467
s_14852.jpg,640,640,ZI,21,150,73,193
s_1179.jpg,640,640,YPJ,425,198,522,299
s_1179.jpg,640,640,YPG,174,268,221,320
s_1179.jpg,640,640,PKK,226,295,276,423
s_11152.jpg,640,640,HDP,268,250,296,278
s_11152.jpg,640,640,HDP,460,288,483,318
s_15294.jpg,640,640,YPG,327,219,357,271
s_15294.jpg,640,640,YPG,368,182,412,237
s_15294.jpg,640,640,YPG,607,225,638,254
s_15294.jpg,640,640,YPJ,577,150,604,179
s_15294.jpg,640,640,YPG,147,181,170,228
s_15294.jpg,640,640,YPG,89,152,123,202
s_15294.jpg,640,640,APO,238,150,268,195
s_15294.jpg,640,640,APO,495,169,526,217
s_106.jpg,640,640,YPG,288,139,348,422
s_106.jpg,640,640,YPJ,399,231,430,324
s_12488.jpg,640,640,APO,248,322,297,403
s_12420.jpg,640,640,AK47,223,293,379,386
s_12310.jpg,640,640,PKK,393,143,580,326
s_18236.jpg,640,640,KCK,164,251,317,412
s_18236.jpg,640,640,APO,83,149,185,296
s_4800.jpg,640,640,AK47,70,143,196,464
s_12796.jpg,640,640,AK47,214,378,553,531
s_10912.jpg,640,640,PKK,321,164,362,217
s_21364.jpg,640,640,AK47,157,335,233,484
s_21364.jpg,640,640,AK47,244,322,311,427
s_11012.jpg,640,640,PKK,362,243,451,331
s_11012.jpg,640,640,YPJ,313,325,340,362
s_15468.jpg,640,640,YPJ,381,178,484,310
s_10442.jpg,640,640,YPG,373,230,423,270
s_15472.jpg,640,640,KCK,100,129,175,207
s_15472.jpg,640,640,ZI,25,140,98,269
s_13988.jpg,640,640,IBKY,356,286,404,335
s_18939.jpg,640,640,ZI,189,156,249,256
s_11379.jpg,640,640,PKK,452,202,535,262
s_10141.jpg,640,640,PJAK,255,141,352,190
s_15316.jpg,640,640,YPG,116,207,294,354
s_15366.jpg,640,640,YPG,307,159,353,216
s_8134.jpg,640,640,SILAH,209,257,315,452
s_18280.jpg,640,640,PKK,52,224,123,305
s_18280.jpg,640,640,YPJ,275,171,326,241
s_18280.jpg,640,640,YPG,372,159,424,225
s_18280.jpg,640,640,KCK,457,173,515,249
s_9149.jpg,640,640,SILAH,344,194,546,481
s_15436.jpg,640,640,YPG,215,310,324,410
s_9317.jpg,640,640,SILAH,116,261,201,361
s_9317.jpg,640,640,SILAH,205,257,270,352
s_9317.jpg,640,640,SILAH,264,249,341,346
s_9317.jpg,640,640,SILAH,341,252,412,341
s_9317.jpg,640,640,SILAH,324,348,398,445
s_9317.jpg,640,640,SILAH,260,350,317,442
s_9541.jpg,640,640,SILAH,117,150,590,506
s_15310.jpg,640,640,YPG,51,374,119,442
s_11665.jpg,640,640,KCK,146,141,232,207
s_12332.jpg,640,640,PKK,234,275,347,384
128.jpg_resized.jpg,640,640,APO,191,158,326,342
s_10932.jpg,640,640,YPJ,491,259,560,415
s_10932.jpg,640,640,YPJ,85,251,115,280
s_10932.jpg,640,640,YPG,92,281,113,296
s_10106.jpg,640,640,PKK,85,144,157,342
s_15342.jpg,640,640,YPG,172,188,475,426
s_22392.jpg,640,640,DHKPC,309,146,441,273
s_22392.jpg,640,640,DHKPC,151,178,175,203
s_10200.jpg,640,640,PKK,446,178,555,303
s_21342.jpg,640,640,AK47,136,264,253,501
s_7794.jpg,640,640,SILAH,294,175,390,246
s_18261.jpg,640,640,KCK,208,287,425,529
s_15457.jpg,640,640,YPJ,360,459,472,559
s_12163.jpg,640,640,PKK,362,151,409,204
s_12163.jpg,640,640,PKK,344,203,372,228
s_18242.jpg,640,640,KCK,85,259,175,403
s_18242.jpg,640,640,PKK,230,285,291,403
s_10606.jpg,640,640,PKK,19,152,87,199
s_11395.jpg,640,640,YPG,532,203,582,242
s_18659.jpg,640,640,HDP,428,142,593,433
s_8135.jpg,640,640,SILAH,123,161,512,417
s_13103.jpg,640,640,YPG,484,205,513,235
s_12826.jpg,640,640,AK47,208,276,374,447
s_12826.jpg,640,640,IBKY,360,241,398,265
s_113.jpg,640,640,YPG,399,206,438,233
s_113.jpg,640,640,APO,596,159,624,205
s_10025.jpg,640,640,PKK,375,144,439,233
s_10025.jpg,640,640,APO,245,202,268,235
s_11561.jpg,640,640,KCK,265,147,323,205
s_11245.jpg,640,640,KCK,511,182,571,237
ekyap_10.jpg,640,640,IBKY,297,253,368,313
s_1163.jpg,640,640,YPG,393,212,420,234
s_1163.jpg,640,640,YPG,479,212,498,237
s_10114.jpg,640,640,PKK,375,142,447,244
s_10114.jpg,640,640,APO,229,198,264,232
s_10558.jpg,640,640,APO,217,193,247,230
s_18803.jpg,640,640,HDP,172,148,457,425
s_15467.jpg,640,640,YPJ,213,432,306,541
s_11519.jpg,640,640,SILAH,85,244,396,459
s_25.jpg,640,640,MLKP,207,129,238,183
s_25.jpg,640,640,MLKP,305,120,325,161
s_25.jpg,640,640,MLKP,378,162,408,210
s_25.jpg,640,640,MLKP,541,197,563,242
s_25.jpg,640,640,MLKP,125,451,193,498
s_10110.jpg,640,640,YPG,333,142,465,242
s_10110.jpg,640,640,YPJ,186,141,319,210
s_18246.jpg,640,640,KCK,389,154,557,323
s_18246.jpg,640,640,APO,489,150,524,205
s_18246.jpg,640,640,ZI,255,386,315,458
s_37.jpg,640,640,MLKP,206,200,320,314
s_18392.jpg,640,640,HDP,377,149,442,220
s_10599.jpg,640,640,YPJ,268,261,323,386
s_18732.jpg,640,640,YPG,174,290,210,325
s_11157.jpg,640,640,KCK,502,189,543,284
s_9830.jpg,640,640,AK47,147,149,287,218
s_10168.jpg,640,640,PKK,340,143,432,309
s_1019.jpg,640,640,PJAK,426,189,478,259
s_15419.jpg,640,640,YPG,370,196,491,319
s_15419.jpg,640,640,APO,132,297,211,367
s_15361.jpg,640,640,YPG,227,185,421,385
s_11302.jpg,640,640,PYD,496,177,550,244
s_15352.jpg,640,640,YPG,233,246,424,461
s_15489.jpg,640,640,YPJ,411,327,447,363
s_14185.jpg,640,640,IBKY,387,252,426,291
s_14185.jpg,640,640,IBKY,423,278,455,312
s_20350.jpg,640,640,YPJ,358,297,532,451
s_14440.jpg,640,640,AK47,212,285,558,361
s_14273.jpg,640,640,SILAH,243,180,309,262
s_10049.jpg,640,640,PKK,384,159,508,384
s_9825.jpg,640,640,SILAH,274,213,391,322
s_10749.jpg,640,640,PYD,57,239,98,299
s_10324.jpg,640,640,APO,206,195,241,236
ekyap_32.jpg,640,640,ZI,194,177,262,286
s_11408.jpg,640,640,YPG,533,191,611,240
s_15442.jpg,640,640,YPG,549,316,589,363
s_14870.jpg,640,640,SILAH,272,414,336,494
s_14870.jpg,640,640,SILAH,202,397,264,475
s_14870.jpg,640,640,SILAH,341,364,400,434
s_14870.jpg,640,640,SILAH,342,314,398,369
s_17845.jpg,640,640,PKK,343,212,362,236
s_17845.jpg,640,640,APO,92,322,139,408
s_19.jpg,640,640,MLKP,466,175,517,247
s_12765.jpg,640,640,SILAH,143,129,557,354
s_2188.jpg,640,640,AK47,271,292,502,388
s_2188.jpg,640,640,AK47,162,199,361,250
s_10894.jpg,640,640,IBKY,534,244,587,339
s_10894.jpg,640,640,IBKY,360,186,463,248
s_20665.jpg,640,640,YPG,271,263,351,338
s_10230.jpg,640,640,PJAK,260,120,350,206
s_11319.jpg,640,640,PYD,497,173,549,235
s_1152.jpg,640,640,HDP,270,329,398,477
s_11570.jpg,640,640,KCK,268,159,315,212
s_11570.jpg,640,640,KCK,557,158,624,231
s_10055.jpg,640,640,YPG,340,139,456,248
ekyap_29.jpg,640,640,APO,332,322,428,454
ekyap_29.jpg,640,640,PKK,100,149,202,220
s_11477.jpg,640,640,PYD,26,201,146,407
s_19612.jpg,640,640,APO,370,155,420,207
s_19612.jpg,640,640,YPG,300,211,396,302
s_15321.jpg,640,640,YPJ,70,195,262,387
s_15321.jpg,640,640,YPG,406,229,575,435
s_17115.jpg,640,640,PKK,232,173,346,302
s_10299.jpg,640,640,APO,209,193,245,233
s_10299.jpg,640,640,APO,23,144,66,184
s_10299.jpg,640,640,PKK,353,142,411,252
s_12123.jpg,640,640,PKK,436,275,479,320
s_12123.jpg,640,640,PKK,281,314,321,350
s_12123.jpg,640,640,PKK,138,112,285,271
s_12123.jpg,640,640,YPG,97,318,138,359
s_12123.jpg,640,640,PKK,156,307,191,340
s_12123.jpg,640,640,APO,214,329,239,376
s_11861.jpg,640,640,AK47,219,242,628,416
s_30.jpg,640,640,PJAK,268,49,411,238
s_15362.jpg,640,640,YPG,475,508,553,581
s_12779.jpg,640,640,AK47,43,237,423,390
s_15392.jpg,640,640,HDP,489,246,544,299
s_13104.jpg,640,640,YPG,484,210,512,236
s_10243.jpg,640,640,YPG,334,148,472,311
s_13215.jpg,640,640,YPJ,572,148,640,223
s_17399.jpg,640,640,PKK,229,224,245,242
s_17399.jpg,640,640,APO,132,210,151,233
s_16739.jpg,640,640,ZI,276,248,326,316
s_15503.jpg,640,640,HDP,246,207,438,395
s_13216.jpg,640,640,PKK,362,147,438,247
s_15490.jpg,640,640,YPJ,281,310,345,391
s_18247.jpg,640,640,ZI,89,327,163,420
s_12788.jpg,640,640,AK47,285,138,528,358
s_21280.jpg,640,640,HDP,296,332,358,418
s_21280.jpg,640,640,HDP,449,274,470,350
s_14201.jpg,640,640,YPJ,111,242,147,282
s_11878.jpg,640,640,PKK,430,366,462,402
s_11878.jpg,640,640,PKK,119,353,151,387
ekyap_18.jpg,640,640,IBKY,291,246,411,437
s_10051.jpg,640,640,PKK,375,142,450,244
s_10051.jpg,640,640,APO,240,200,271,232
s_492.jpg,640,640,SILAH,164,255,309,463
s_10626.jpg,640,640,APO,349,206,387,242
s_19615.jpg,640,640,KCK,522,199,543,216
s_19615.jpg,640,640,PKK,393,162,445,214
s_10745.jpg,640,640,PYD,45,243,99,295
116.jpg_resized.jpg,640,640,APO,309,173,444,359
s_13983.jpg,640,640,IBKY,352,283,404,337
s_18267.jpg,640,640,KCK,234,287,384,433
s_18267.jpg,640,640,APO,114,163,147,197
s_18267.jpg,640,640,APO,355,193,389,229
s_18267.jpg,640,640,YPG,418,208,451,245
s_18267.jpg,640,640,KCK,168,212,196,238
s_18267.jpg,640,640,KCK,207,209,233,233
s_15420.jpg,640,640,YPG,212,286,261,330
s_15420.jpg,640,640,YPJ,505,286,555,334
s_11633.jpg,640,640,PKK,345,139,415,239
s_11633.jpg,640,640,APO,178,178,213,221
s_12457.jpg,640,640,YPG,134,372,194,438
s_10559.jpg,640,640,YPJ,260,268,303,375
s_11382.jpg,640,640,YPG,530,205,579,255
ekyap_45.jpg,640,640,YPJ,205,235,330,386
ekyap_24.jpg,640,640,IBKY,306,199,374,280
s_9455.jpg,640,640,PKK,68,205,186,323
s_119.jpg,640,640,YPG,238,139,317,392
s_17843.jpg,640,640,PKK,341,206,364,235
s_20425.jpg,640,640,YPJ,362,302,545,444
s_8811.jpg,640,640,AK47,406,396,605,500
s_18273.jpg,640,640,KCK,213,158,445,383
s_12759.jpg,640,640,AK47,330,273,384,469
s_12759.jpg,640,640,AK47,228,218,287,384
s_12759.jpg,640,640,AK47,45,249,91,453
s_12759.jpg,640,640,AK47,169,181,206,303
s_13470.jpg,640,640,ZI,504,159,527,188
s_11.jpg,640,640,PKK,274,337,389,477
s_11.jpg,640,640,PJAK,445,344,598,476
s_11.jpg,640,640,APO,70,263,184,399
s_11.jpg,640,640,PJAK,465,267,582,365
s_13999.jpg,640,640,AK47,86,203,368,322
s_13999.jpg,640,640,YPG,165,304,221,335
s_19677.jpg,640,640,YPG,238,141,328,223
s_19677.jpg,640,640,IBKY,173,343,469,482
s_18758.jpg,640,640,YPJ,86,179,135,225
s_10284.jpg,640,640,PKK,449,207,532,302
s_10284.jpg,640,640,YPG,345,92,446,250
s_10284.jpg,640,640,APO,274,188,318,218
s_9490.jpg,640,640,SILAH,198,202,547,547
s_13186.jpg,640,640,AK47,63,221,253,310
s_13186.jpg,640,640,AK47,319,211,486,273
s_18264.jpg,640,640,MLKP,53,150,162,272
s_18264.jpg,640,640,KCK,321,130,497,289
s_17226.jpg,640,640,PKK,217,175,323,312
s_15327.jpg,640,640,YPG,141,331,166,363
s_10009.jpg,640,640,YPG,344,140,466,242
s_11064.jpg,640,640,PKK,384,150,427,207
s_4242.jpg,640,640,PKK,236,173,400,319
s_16614.jpg,640,640,HDP,95,394,168,451
s_10684.jpg,640,640,PYD,13,228,60,290
s_17126.jpg,640,640,PKK,230,175,349,306
s_6104.jpg,640,640,PKK,50,251,132,330
s_6104.jpg,640,640,APO,218,446,257,497
s_11182.jpg,640,640,AK47,92,356,396,465
s_11182.jpg,640,640,AK47,36,161,223,210
s_7288.jpg,640,640,AK47,479,264,519,414
s_7288.jpg,640,640,AK47,68,241,114,413
s_10090.jpg,640,640,PKK,374,142,438,229
s_10090.jpg,640,640,APO,229,199,272,234
s_12977.jpg,640,640,PKK,311,169,349,214
s_1287.jpg,640,640,PKK,217,147,255,187
s_11173.jpg,640,640,APO,355,253,388,286
s_11173.jpg,640,640,KCK,513,180,603,295
s_1008.jpg,640,640,YPJ,199,142,294,260
s_1008.jpg,640,640,YPJ,460,277,604,397
s_20112.jpg,640,640,PKK,262,195,308,252
s_15401.jpg,640,640,YPG,157,189,204,235
s_12763.jpg,640,640,SILAH,316,264,490,404
s_12556.jpg,640,640,PKK,286,115,509,337
s_101.jpg,640,640,YPG,306,142,350,386
s_101.jpg,640,640,YPJ,400,233,431,318
ekyap_2.jpg,640,640,YPJ,319,354,395,422
ekyap_2.jpg,640,640,YPJ,68,399,157,451
s_10257.jpg,640,640,YPG,1,315,36,390
s_14948.jpg,640,640,HDP,398,139,431,186
s_11898.jpg,640,640,PKK,375,293,436,367
s_9826.jpg,640,640,SILAH,34,367,202,483
s_9826.jpg,640,640,SILAH,252,349,381,482
s_9826.jpg,640,640,SILAH,389,363,515,469
s_10767.jpg,640,640,PKK,399,159,440,214
s_15455.jpg,640,640,YPJ,277,80,419,269
s_22393.jpg,640,640,PJAK,398,156,636,339
s_22393.jpg,640,640,PJAK,5,270,213,463
s_11629.jpg,640,640,KCK,200,142,252,180
s_11629.jpg,640,640,APO,115,209,157,256
s_10039.jpg,640,640,YPG,343,140,444,224
s_13831.jpg,640,640,AK47,219,141,640,324
s_15350.jpg,640,640,AK47,139,310,398,530
s_15350.jpg,640,640,YPG,315,248,355,287
s_15284.jpg,640,640,YPG,128,367,245,474
s_12822.jpg,640,640,SILAH,10,221,98,290
s_12822.jpg,640,640,SILAH,96,224,174,286
s_12822.jpg,640,640,SILAH,186,224,243,277
s_12822.jpg,640,640,SILAH,241,220,306,276
s_12822.jpg,640,640,SILAH,317,224,377,272
s_12822.jpg,640,640,SILAH,45,323,156,397
s_12822.jpg,640,640,SILAH,158,303,256,373
s_12822.jpg,640,640,SILAH,222,416,319,499
s_12822.jpg,640,640,SILAH,315,389,393,465
s_12822.jpg,640,640,SILAH,390,370,463,428
s_12822.jpg,640,640,SILAH,459,342,526,392
s_15344.jpg,640,640,YPG,536,467,589,522
s_18279.jpg,640,640,KCK,292,277,379,408
s_10252.jpg,640,640,PJAK,255,125,352,215
s_12185.jpg,640,640,YPG,473,339,529,421
s_40.jpg,640,640,HDP,507,271,639,435
s_40.jpg,640,640,ZI,39,237,153,427
s_10596.jpg,640,640,PKK,545,185,587,289
s_4825.jpg,640,640,PKK,140,239,416,446
s_10028.jpg,640,640,APO,231,536,280,608
s_10028.jpg,640,640,APO,319,237,349,269
s_10028.jpg,640,640,APO,209,229,243,259
s_10028.jpg,640,640,PKK,153,287,481,496
s_10339.jpg,640,640,PKK,26,137,449,442
s_10339.jpg,640,640,PKK,377,148,536,331
s_9997.jpg,640,640,AK47,330,250,420,305
s_9997.jpg,640,640,AK47,577,342,634,522
s_11669.jpg,640,640,APO,274,213,289,248
s_11669.jpg,640,640,PKK,366,199,392,234
s_18258.jpg,640,640,KCK,304,159,406,238
s_18258.jpg,640,640,KCK,385,228,443,301
s_18258.jpg,640,640,KCK,247,324,303,367
s_10764.jpg,640,640,PKK,75,161,136,268
s_15318.jpg,640,640,YPG,208,39,301,130
s_15318.jpg,640,640,YPG,187,225,451,297
s_15318.jpg,640,640,YPG,229,411,407,575
s_12789.jpg,640,640,SILAH,13,166,417,441
s_1009.jpg,640,640,YPJ,319,241,389,290
s_12368.jpg,640,640,PKK,455,110,600,269
s_17360.jpg,640,640,APO,134,213,152,236
s_15428.jpg,640,640,YPG,89,174,180,271
s_15428.jpg,640,640,YPJ,448,157,546,265
s_15428.jpg,640,640,YPJ,330,259,357,286
s_15428.jpg,640,640,YPJ,240,258,266,284
s_5257.jpg,640,640,AK47,269,179,562,319
s_6951.jpg,640,640,AK47,326,65,508,560
s_10006.jpg,640,640,YPG,343,141,474,248
s_15790.jpg,640,640,ZI,473,212,537,305
s_124.jpg,640,640,MLKP,275,146,296,195
s_7627.jpg,640,640,AK47,51,276,640,535
s_14468.jpg,640,640,SILAH,275,507,344,618
s_14468.jpg,640,640,SILAH,347,501,417,607
s_14468.jpg,640,640,SILAH,413,492,488,584
s_14468.jpg,640,640,SILAH,487,494,566,549
s_14468.jpg,640,640,SILAH,551,475,624,533
s_14468.jpg,640,640,SILAH,177,499,243,557
s_13244.jpg,640,640,APO,130,188,168,231
s_13772.jpg,640,640,AK47,379,165,506,495
s_15292.jpg,640,640,YPG,219,188,287,261
s_12754.jpg,640,640,AK47,440,159,493,333
s_13013.jpg,640,640,YPJ,197,189,234,261
s_11567.jpg,640,640,KCK,274,161,313,203
s_11567.jpg,640,640,KCK,558,171,606,227
s_11085.jpg,640,640,PJAK,443,139,587,227
s_4748.jpg,640,640,SILAH,134,86,241,240
s_14166.jpg,640,640,AK47,225,245,320,499
s_14166.jpg,640,640,YPJ,549,356,564,380
s_14166.jpg,640,640,AK47,571,280,596,511
s_14166.jpg,640,640,AK47,2,216,45,497
s_2662.jpg,640,640,YPG,324,260,444,359
s_10154.jpg,640,640,YPG,341,148,524,248
s_10154.jpg,640,640,YPJ,196,140,334,220
s_10031.jpg,640,640,MLKP,349,227,368,270
s_15438.jpg,640,640,YPG,66,203,147,288
s_15438.jpg,640,640,KCK,128,349,153,385
s_18651.jpg,640,640,YPJ,70,191,124,240
s_15338.jpg,640,640,YPJ,251,235,298,278
s_15338.jpg,640,640,YPG,51,251,92,292
s_15338.jpg,640,640,ZI,426,256,443,290
s_15338.jpg,640,640,ZI,368,258,382,292
s_15338.jpg,640,640,ZI,540,303,559,331
s_18283.jpg,640,640,KCK,79,107,226,239
s_18283.jpg,640,640,PKK,366,258,487,401
s_10098.jpg,640,640,YPG,332,144,441,235
s_10098.jpg,640,640,YPJ,184,139,274,186
s_11181.jpg,640,640,KCK,509,190,599,284
s_11298.jpg,640,640,PKK,112,147,326,471
s_11171.jpg,640,640,APO,353,254,385,286
s_15283.jpg,640,640,YPG,354,224,449,294
s_13152.jpg,640,640,PKK,338,197,364,226
s_13152.jpg,640,640,PKK,456,256,472,280
s_16725.jpg,640,640,HDP,185,171,507,387
s_11193.jpg,640,640,KCK,485,193,573,291
s_18666.jpg,640,640,YPJ,79,190,130,231
s_11334.jpg,640,640,PKK,228,368,343,463
s_11334.jpg,640,640,APO,94,290,121,328
s_10138.jpg,640,640,PKK,375,142,439,241
s_15312.jpg,640,640,YPG,113,163,349,416
s_13376.jpg,640,640,PJAK,49,236,87,267
s_12579.jpg,640,640,PKK,209,99,247,141
s_12579.jpg,640,640,APO,233,161,273,205
s_12579.jpg,640,640,PKK,249,440,486,573
s_12579.jpg,640,640,PKK,459,261,494,314
s_12774.jpg,640,640,AK47,164,361,259,533
s_12774.jpg,640,640,AK47,20,376,90,532
s_11808.jpg,640,640,AK47,247,329,635,519
s_13948.jpg,640,640,HDP,213,263,231,290
s_10742.jpg,640,640,ZI,240,178,281,230
s_12133.jpg,640,640,PKK,433,232,474,286
s_10286.jpg,640,640,PJAK,245,140,338,211
s_16059.jpg,640,640,HDP,480,284,516,350
s_5026.jpg,640,640,PKK,253,175,421,414
s_10274.jpg,640,640,APO,208,193,248,235
s_10274.jpg,640,640,PKK,353,141,422,239
130.jpg_resized.jpg,640,640,APO,230,153,411,359
s_12803.jpg,640,640,AK47,240,243,562,388
s_11502.jpg,640,640,PKK,213,189,243,261
s_12515.jpg,640,640,KCK,441,336,540,425
s_15289.jpg,640,640,YPG,309,230,420,341
s_11188.jpg,640,640,APO,364,246,400,283
s_11188.jpg,640,640,KCK,513,190,600,281
s_12701.jpg,640,640,PKK,372,220,487,325
ekyap_23.jpg,640,640,IBKY,311,197,381,280
s_12436.jpg,640,640,PKK,190,193,428,429
s_11276.jpg,640,640,PKK,2,216,35,356
s_11276.jpg,640,640,PKK,526,232,577,290
s_12761.jpg,640,640,SILAH,151,218,503,447
s_1030.jpg,640,640,PJAK,424,189,472,259
s_11410.jpg,640,640,YPG,538,193,609,241
s_11155.jpg,640,640,KCK,489,196,535,285
s_10056.jpg,640,640,YPG,338,139,459,256
s_15.jpg,640,640,DHKPC,368,247,580,465
s_15351.jpg,640,640,IBKY,215,142,401,263
s_15351.jpg,640,640,APO,378,256,426,314
s_15351.jpg,640,640,YPG,551,263,598,312
s_15351.jpg,640,640,YPG,538,114,614,195
s_15351.jpg,640,640,YPG,28,263,59,305
s_15351.jpg,640,640,YPG,135,259,166,286
s_15351.jpg,640,640,YPJ,121,171,190,246
s_15267.jpg,640,640,YPJ,196,201,440,444
s_5900.jpg,640,640,PKK,244,403,309,450
s_5900.jpg,640,640,KCK,536,282,598,346
s_10490.jpg,640,640,APO,215,199,282,288
s_15423.jpg,640,640,YPG,231,156,446,322
s_14615.jpg,640,640,HDP,413,225,500,328
s_14615.jpg,640,640,HDP,178,370,257,465
s_19627.jpg,640,640,APO,426,141,475,193
s_19627.jpg,640,640,YPG,319,218,398,316
s_11880.jpg,640,640,PKK,348,293,396,378
s_10165.jpg,640,640,YPJ,451,263,600,373
s_1071.jpg,640,640,YPJ,324,237,388,295
s_15893.jpg,640,640,ZI,342,295,385,352
s_12439.jpg,640,640,APO,455,382,499,433
s_12439.jpg,640,640,AK47,71,307,168,345
s_12439.jpg,640,640,PKK,366,381,427,432
s_12439.jpg,640,640,AK47,432,339,513,380
s_12439.jpg,640,640,AK47,177,295,224,368
s_11698.jpg,640,640,APO,1,164,87,239
s_11698.jpg,640,640,APO,409,159,453,214
s_11698.jpg,640,640,APO,232,142,260,201
s_21672.jpg,640,640,PKK,294,424,363,508
s_11213.jpg,640,640,PKK,393,156,421,217
s_10338.jpg,640,640,SILAH,209,174,515,369
86.jpg_resized.jpg,640,640,APO,164,27,523,580
s_15380.jpg,640,640,YPG,224,195,308,269
ekyap_39.jpg,640,640,YPG,224,151,287,217
ekyap_39.jpg,640,640,YPJ,16,195,48,229
s_15478.jpg,640,640,YPJ,293,70,372,178
s_11394.jpg,640,640,YPG,530,199,579,245
s_15170.jpg,640,640,HDP,490,167,527,210
s_15307.jpg,640,640,YPG,386,248,409,283
s_1346.jpg,640,640,PKK,243,199,283,250
ekyap_36.jpg,640,640,YPJ,138,193,343,405
s_11601.jpg,640,640,KCK,242,165,315,214
s_10638.jpg,640,640,KCK,330,152,373,243
s_11685.jpg,640,640,APO,1,180,78,242
s_14782.jpg,640,640,PKK,387,231,417,278
s_10150.jpg,640,640,PKK,370,139,444,244
s_15314.jpg,640,640,YPG,294,265,349,331
s_15071.jpg,640,640,ZI,492,236,605,400
s_7944.jpg,640,640,APO,250,277,340,397
s_7944.jpg,640,640,APO,164,166,243,251
s_7944.jpg,640,640,APO,92,365,168,448
s_13330.jpg,640,640,AK47,23,235,624,425
s_8423.jpg,640,640,ZI,455,219,496,308
s_11381.jpg,640,640,YPG,529,208,579,255
s_4485.jpg,640,640,HDP,238,334,351,449
s_11011.jpg,640,640,AK47,227,127,594,359
s_10.jpg,640,640,DHKPC,134,142,521,496
s_10050.jpg,640,640,PKK,306,350,412,501
s_17947.jpg,640,640,HDP,260,296,328,335
s_17947.jpg,640,640,HDP,432,252,498,320
s_114.jpg,640,640,YPG,274,141,341,402
s_10271.jpg,640,640,ZI,284,163,337,218
s_10038.jpg,640,640,YPG,341,139,439,228
s_10555.jpg,640,640,PKK,159,166,402,352
s_18263.jpg,640,640,APO,485,206,541,287
s_18263.jpg,640,640,APO,379,170,439,259
s_18263.jpg,640,640,APO,314,218,362,300
s_18263.jpg,640,640,APO,231,404,275,487
s_18263.jpg,640,640,KCK,6,375,71,450
s_15367.jpg,640,640,YPG,208,392,251,449
s_12757.jpg,640,640,SILAH,208,150,534,419
s_12384.jpg,640,640,PKK,519,348,608,525
s_12166.jpg,640,640,PKK,262,101,575,359
s_18825.jpg,640,640,HDP,201,148,443,376
s_10632.jpg,640,640,APO,210,192,242,231
s_14866.jpg,640,640,ZI,19,156,67,196
s_11301.jpg,640,640,PKK,389,153,417,208
s_11301.jpg,640,640,PKK,347,199,381,229
s_13846.jpg,640,640,AK47,219,174,607,444
s_28.jpg,640,640,PJAK,76,86,229,278
s_15837.jpg,640,640,HDP,495,212,552,261
ekyap_26.jpg,640,640,IBKY,76,184,258,353
s_10000.jpg,640,640,YPG,337,141,485,250
s_18696.jpg,640,640,YPJ,73,181,130,222
s_10237.jpg,640,640,PKK,353,142,432,231
s_10237.jpg,640,640,PKK,325,167,355,221
s_18276.jpg,640,640,YPG,137,190,304,342
s_18276.jpg,640,640,KCK,170,411,262,487
s_18647.jpg,640,640,YPJ,69,193,124,240
s_2013.jpg,640,640,YPJ,438,224,490,286
ekyap_13.jpg,640,640,IBKY,517,284,609,359
s_5.jpg,640,640,DHKPC,109,145,234,264
s_5.jpg,640,640,DHKPC,400,442,432,480
s_5.jpg,640,640,DHKPC,406,115,568,268
s_21391.jpg,640,640,AK47,336,290,428,500
s_20113.jpg,640,640,YPJ,434,401,477,461
s_14804.jpg,640,640,ZI,542,267,603,363
s_11403.jpg,640,640,PKK,426,369,453,393
s_11403.jpg,640,640,PKK,105,353,143,374
s_15487.jpg,640,640,KCK,290,205,364,303
s_15487.jpg,640,640,APO,107,122,241,224
s_15487.jpg,640,640,APO,165,20,230,103
s_15383.jpg,640,640,YPG,409,321,450,369
s_15371.jpg,640,640,YPG,114,342,166,390
s_15477.jpg,640,640,YPJ,306,182,388,269
s_15477.jpg,640,640,YPJ,452,169,530,262
s_15477.jpg,640,640,APO,87,177,170,299
s_15264.jpg,640,640,YPG,224,189,398,380
s_11563.jpg,640,640,KCK,262,146,324,205
s_11563.jpg,640,640,KCK,526,142,633,232
s_12295.jpg,640,640,PKK,451,145,560,355
s_18814.jpg,640,640,HDP,284,262,392,339
s_18814.jpg,640,640,HDP,553,275,632,378
s_1021.jpg,640,640,YPJ,319,235,377,291
s_19694.jpg,640,640,PKK,174,264,217,332
s_15341.jpg,640,640,YPG,87,356,175,439
s_10276.jpg,640,640,PKK,77,139,141,341
s_10276.jpg,640,640,PKK,407,239,438,382
s_10242.jpg,640,640,YPJ,403,150,485,269
s_10242.jpg,640,640,YPJ,453,267,576,375
s_12483.jpg,640,640,APO,243,217,266,241
s_15276.jpg,640,640,YPG,283,275,389,387
s_11545.jpg,640,640,PYD,200,242,268,346
s_14303.jpg,640,640,SILAH,284,188,383,285
s_15491.jpg,640,640,YPJ,189,254,355,410
s_11596.jpg,640,640,KCK,249,170,313,210
s_11552.jpg,640,640,APO,279,148,300,192
s_11552.jpg,640,640,APO,2,162,28,193
s_11552.jpg,640,640,APO,575,146,619,195
s_15333.jpg,640,640,YPG,49,175,308,261
s_15333.jpg,640,640,YPG,517,370,591,444
s_15494.jpg,640,640,YPJ,5,427,45,461
s_11414.jpg,640,640,YPG,543,190,618,244
s_5294.jpg,640,640,PKK,313,389,383,476
s_5294.jpg,640,640,KCK,569,452,612,489
s_5294.jpg,640,640,APO,572,425,628,456
s_5294.jpg,640,640,KCK,445,317,483,356
s_12459.jpg,640,640,APO,242,215,266,241
s_15403.jpg,640,640,YPG,181,193,473,467
s_14059.jpg,640,640,HDP,347,382,464,525
s_1047.jpg,640,640,PKK,125,228,151,339
s_18257.jpg,640,640,KCK,122,150,499,508
ekyap_1.jpg,640,640,YPJ,61,390,212,476
ekyap_1.jpg,640,640,YPJ,306,341,457,454
s_21394.jpg,640,640,AK47,357,296,401,499
s_15269.jpg,640,640,PKK,398,330,445,393
s_15269.jpg,640,640,YPG,40,318,185,418
s_15322.jpg,640,640,YPG,247,171,311,250
s_8164.jpg,640,640,SILAH,349,125,611,498
s_17864.jpg,640,640,APO,56,318,121,407
s_10089.jpg,640,640,PKK,468,172,575,320
s_14395.jpg,640,640,AK47,57,39,440,497
s_13952.jpg,640,640,IBKY,340,282,379,337
s_10889.jpg,640,640,PYD,43,224,104,293
s_1258.jpg,640,640,PKK,322,171,353,297
s_12682.jpg,640,640,PKK,377,152,439,209
s_15416.jpg,640,640,YPG,494,422,519,448
2.jpg_resized.jpg,640,640,APO,270,65,402,227
s_11310.jpg,640,640,PYD,497,175,556,243
s_11376.jpg,640,640,AK47,158,127,280,508
s_11376.jpg,640,640,AK47,354,156,455,588
ekyap_33.jpg,640,640,ZI,226,168,292,292
s_5935.jpg,640,640,AK47,81,220,640,444
s_8942.jpg,640,640,SILAH,384,267,547,473
s_8942.jpg,640,640,SILAH,218,294,336,465
s_15427.jpg,640,640,YPG,321,203,391,282
s_12473.jpg,640,640,YPG,169,367,224,433
s_15482.jpg,640,640,YPJ,200,221,349,355
s_15482.jpg,640,640,YPG,48,365,108,451
s_14171.jpg,640,640,YPJ,13,183,53,222
s_11066.jpg,640,640,PKK,370,246,449,341
s_4612.jpg,640,640,PKK,264,308,358,411
s_4612.jpg,640,640,KCK,408,265,489,352
s_12247.jpg,640,640,APO,525,250,568,322
s_21522.jpg,640,640,AK47,390,324,405,362
s_21522.jpg,640,640,AK47,229,327,253,357
ekyap_34.jpg,640,640,YPJ,232,254,425,488
ekyap_9.jpg,640,640,YPG,68,406,123,487
s_12807.jpg,640,640,AK47,260,216,632,416
s_11212.jpg,640,640,KCK,462,219,517,290
s_18275.jpg,640,640,KCK,224,111,440,452
s_11194.jpg,640,640,KCK,478,202,560,282
s_1274.jpg,640,640,PKK,331,226,357,267
s_15320.jpg,640,640,YPG,437,63,514,131
s_15320.jpg,640,640,YPJ,120,6,224,84
s_15320.jpg,640,640,APO,152,410,170,437
s_15320.jpg,640,640,PKK,174,408,203,445
s_15320.jpg,640,640,AK47,379,548,451,597
s_15320.jpg,640,640,APO,413,363,440,400
s_15320.jpg,640,640,YPJ,408,185,422,206
s_15320.jpg,640,640,YPJ,514,201,528,218
s_15413.jpg,640,640,YPG,349,293,400,347
s_12334.jpg,640,640,YPG,63,358,139,429
s_10079.jpg,640,640,YPG,339,144,468,247
s_12708.jpg,640,640,PKK,457,263,472,278
s_12708.jpg,640,640,PKK,324,265,334,278
s_10043.jpg,640,640,YPG,230,140,362,284
s_10043.jpg,640,640,YPJ,343,203,436,281
s_126.jpg,640,640,YPG,231,203,294,311
s_8642.jpg,640,640,AK47,6,165,460,378
s_12871.jpg,640,640,APO,485,244,504,275
s_12871.jpg,640,640,PJAK,344,286,370,311
s_15725.jpg,640,640,HDP,254,278,324,346
s_15725.jpg,640,640,HDP,436,240,486,318
s_15354.jpg,640,640,YPG,162,156,467,493
s_10102.jpg,640,640,PKK,374,142,436,233
s_4405.jpg,640,640,PKK,224,546,359,611
s_10083.jpg,640,640,PKK,4,162,161,374
s_10083.jpg,640,640,YPJ,252,146,350,299
s_10083.jpg,640,640,YPG,357,136,430,289
s_10083.jpg,640,640,KCK,447,146,526,288
s_18269.jpg,640,640,APO,338,199,396,289
s_18269.jpg,640,640,KCK,244,207,335,303
s_11523.jpg,640,640,SILAH,41,125,612,534
s_9086.jpg,640,640,AK47,155,105,549,473
s_10314.jpg,640,640,PKK,336,139,422,238
s_10314.jpg,640,640,APO,520,244,541,290
s_8303.jpg,640,640,AK47,189,235,631,441
s_4579.jpg,640,640,SILAH,122,223,224,376
s_12494.jpg,640,640,APO,308,320,353,392
s_12887.jpg,640,640,APO,501,245,522,282
ekyap_42.jpg,640,640,YPJ,140,368,214,497
s_10189.jpg,640,640,PKK,355,144,434,225
s_10189.jpg,640,640,PKK,321,166,368,224
s_10189.jpg,640,640,APO,216,197,249,234
s_10101.jpg,640,640,YPJ,187,139,294,184
s_10101.jpg,640,640,YPG,328,144,448,237
ekyap_3.jpg,640,640,AK47,462,142,573,305
ekyap_3.jpg,640,640,AK47,350,160,445,329
s_15353.jpg,640,640,YPG,245,261,290,288
s_10116.jpg,640,640,PKK,460,170,561,322
s_11592.jpg,640,640,KCK,251,163,313,208
s_10505.jpg,640,640,SILAH,91,197,195,329
s_10505.jpg,640,640,SILAH,202,206,291,333
s_10505.jpg,640,640,SILAH,316,203,411,334
s_10505.jpg,640,640,SILAH,424,216,513,337
s_11164.jpg,640,640,YPJ,343,201,394,274
s_11164.jpg,640,640,KCK,515,200,566,300
s_7370.jpg,640,640,PKK,189,242,273,294
s_7370.jpg,640,640,PKK,482,314,502,338
s_7370.jpg,640,640,PKK,343,187,417,236
ekyap_44.jpg,640,640,YPJ,196,278,307,420
s_1466.jpg,640,640,ZI,194,154,246,248
s_14277.jpg,640,640,IBKY,491,304,511,333
s_10720.jpg,640,640,MLKP,349,238,373,271
s_18698.jpg,640,640,YPJ,254,208,279,234
s_10609.jpg,640,640,PKK,172,179,392,344
s_16170.jpg,640,640,HDP,42,415,89,476
s_11013.jpg,640,640,PKK,385,146,429,206
s_12486.jpg,640,640,PKK,457,262,471,277
s_12486.jpg,640,640,PKK,321,261,338,280
s_12486.jpg,640,640,APO,179,259,198,282
ekyap_28.jpg,640,640,IBKY,66,186,229,365
s_10294.jpg,640,640,PKK,457,173,577,310
s_6271.jpg,640,640,SILAH,109,283,304,492
s_15298.jpg,640,640,YPG,105,305,185,388
s_13087.jpg,640,640,YPG,485,205,517,235
s_11178.jpg,640,640,KCK,516,189,602,292
ekyap_35.jpg,640,640,YPJ,147,197,384,444
s_12419.jpg,640,640,ZI,242,177,279,232
s_18260.jpg,640,640,KCK,343,316,448,431
s_13953.jpg,640,640,IBKY,342,283,376,335
s_11314.jpg,640,640,PYD,497,171,554,241
s_15275.jpg,640,640,YPG,264,222,396,361
s_14411.jpg,640,640,AK47,248,172,500,254
s_31.jpg,640,640,MLKP,518,369,591,469
s_15391.jpg,640,640,YPG,247,205,420,377
s_18268.jpg,640,640,KCK,265,364,390,512
s_18268.jpg,640,640,APO,591,197,633,239
s_11161.jpg,640,640,YPJ,332,190,378,280
s_11161.jpg,640,640,KCK,509,198,551,291
s_15486.jpg,640,640,YPG,30,363,103,433
s_15486.jpg,640,640,YPJ,549,354,621,439
s_15486.jpg,640,640,ZI,430,212,457,256
s_15486.jpg,640,640,ZI,362,237,377,271
s_18615.jpg,640,640,HDP,415,165,598,446
s_13250.jpg,640,640,APO,130,186,162,231
s_13721.jpg,640,640,YPG,346,349,376,385
